Step,Epoch,Total_Tokens,Task_Loss,Geo_Loss,Collapse_Penalty,Perplexity,Silhouette,Mean_Speed
0,1,0,9.5365629196167,1.7354860305786133,0.0,13857.2373046875,0.013204194605350494,0.12472450733184814
50,1,76800,9.516204833984375,1.7388097047805786,0.0,13577.9833984375,0.01325149554759264,0.12495028972625732
100,1,153600,9.19571304321289,2.2993104457855225,0.0,9854.791015625,0.01390983909368515,0.1715829074382782
150,1,230400,7.801261901855469,6.025461196899414,0.14389383792877197,2443.68359375,0.014179793186485767,0.47194692492485046
200,1,307200,7.3064351081848145,4.900659084320068,0.05754810571670532,1489.8565673828125,0.004988458007574081,0.42877405881881714
250,1,384000,6.835170745849609,3.913489818572998,0.0073160529136657715,929.9871826171875,0.008630176074802876,0.40365803241729736
300,1,460800,6.546606540679932,3.340792655944824,0.0,696.8753051757812,-0.0070832413621246815,0.39653387665748596
350,1,537600,6.7430877685546875,3.028208017349243,0.0,848.1757202148438,0.006142446305602789,0.38805824518203735
400,1,614400,6.535015106201172,2.7065513134002686,0.012676835060119629,688.8441772460938,0.001556582748889923,0.4063384234905243
450,1,691200,6.495229244232178,2.4729275703430176,0.0,661.9759521484375,0.02806013822555542,0.38557058572769165
500,1,768000,6.2457275390625,2.4177563190460205,0.0,515.8043823242188,0.03736266493797302,0.39219599962234497
550,1,844800,6.335414409637451,2.243285655975342,0.0,564.2031860351562,0.04119935259222984,0.37586280703544617
600,1,921600,6.090784549713135,2.2248075008392334,0.015798747539520264,441.76788330078125,0.03870155289769173,0.4078993797302246
650,1,998400,6.279865264892578,2.108107089996338,0.0,533.716796875,0.04357682168483734,0.3993590176105499
700,1,1075200,6.194732666015625,2.123538017272949,0.0,490.160400390625,0.038321297615766525,0.38371405005455017
750,1,1152000,6.137332916259766,1.9371819496154785,0.0,462.81756591796875,0.035310324281454086,0.3942506015300751
800,1,1228800,6.224502086639404,1.924020528793335,0.0,504.9715576171875,0.03801935911178589,0.38810455799102783
850,1,1305600,5.965569019317627,1.8483999967575073,0.0,389.7747497558594,0.019240302965044975,0.38646140694618225
900,1,1382400,5.979831218719482,2.041280746459961,0.0,395.3736267089844,0.030633682385087013,0.39903971552848816
950,1,1459200,6.000413417816162,1.786757230758667,0.0,403.5956115722656,0.005441190209239721,0.378427654504776
1000,1,1536000,6.107956409454346,1.7788329124450684,0.010994434356689453,449.4193420410156,0.03585575893521309,0.4054972231388092
1050,1,1612800,6.06378698348999,1.8000560998916626,0.008665084838867188,430.0007629394531,0.03366914391517639,0.40433254837989807
1100,1,1689600,6.01443338394165,1.7875258922576904,0.008489131927490234,409.2938537597656,0.03945488855242729,0.4042445719242096
1150,1,1766400,5.860023498535156,1.7247284650802612,0.0,350.7323913574219,0.02156057395040989,0.3987372815608978
1200,1,1843200,5.995645999908447,1.7693090438842773,0.0,401.67608642578125,0.024498581886291504,0.3794049322605133
1250,1,1920000,5.727774143218994,1.7787556648254395,0.0,307.2845458984375,0.019555004313588142,0.39372068643569946
1300,1,1996800,5.812458038330078,1.7579797506332397,0.01861286163330078,334.440185546875,0.042472392320632935,0.40930643677711487
1350,1,2073600,5.859396457672119,1.7597633600234985,0.02634572982788086,350.5125427246094,0.031456708908081055,0.4131728708744049
1400,1,2150400,5.8303375244140625,1.6892273426055908,0.0,340.47357177734375,0.03292137384414673,0.39761632680892944
1450,1,2227200,5.767225742340088,1.7144217491149902,0.0,319.6496887207031,0.025944901630282402,0.3914828896522522
1500,1,2304000,5.789661407470703,1.6390219926834106,0.0,326.9023132324219,0.02481338568031788,0.38245415687561035
1550,1,2380800,5.479673862457275,1.742743968963623,0.029173314571380615,239.76849365234375,0.012612233869731426,0.4145866632461548
1600,1,2457600,5.6988043785095215,1.6370326280593872,0.02545452117919922,298.5102844238281,0.015838367864489555,0.4127272665500641
1650,1,2534400,5.591339111328125,1.6509631872177124,0.009090662002563477,268.0943908691406,0.02975003980100155,0.4045453369617462
1700,1,2611200,5.633441925048828,1.6231560707092285,0.0,279.6228942871094,0.020453816279768944,0.39616796374320984
1750,1,2688000,5.614208698272705,1.6941524744033813,0.0,274.2962341308594,0.013530366122722626,0.39499717950820923
1800,1,2764800,5.635996341705322,1.635885238647461,0.0,280.33807373046875,0.016389451920986176,0.394388347864151
1850,1,2841600,5.679828643798828,1.5874031782150269,0.0,292.89923095703125,0.01007088739424944,0.3847998082637787
1900,1,2918400,5.817254543304443,1.590313196182251,0.0,336.0481872558594,0.0038179680705070496,0.38887497782707214
1950,1,2995200,5.60385274887085,1.5783778429031372,0.0013229846954345703,271.4703063964844,-0.002677813172340393,0.40066149830818176
2000,1,3072000,5.56566858291626,1.5758668184280396,0.0,261.2998352050781,0.005877021700143814,0.3931336998939514
2050,1,3148800,5.663200378417969,1.562612533569336,0.0,288.069091796875,0.008361756801605225,0.3959537148475647
2100,1,3225600,5.84746789932251,1.5469721555709839,0.0,346.35626220703125,0.018964005634188652,0.3722084164619446
2150,1,3302400,5.63511323928833,1.4752976894378662,0.0,280.09063720703125,0.014594855718314648,0.393435001373291
2200,1,3379200,5.664249897003174,1.4996538162231445,0.008328914642333984,288.3716125488281,0.006268096622079611,0.40416446328163147
2250,1,3456000,5.586118221282959,1.4613099098205566,0.0,266.6983337402344,0.009685307741165161,0.3830179274082184
2300,1,3532800,5.448784351348877,1.4684849977493286,0.0014429688453674316,232.4753875732422,0.023342201486229897,0.4007214903831482
2350,1,3609600,5.532419204711914,1.5097042322158813,0.0,252.754638671875,0.03226922079920769,0.3729136884212494
2400,1,3686400,5.306652069091797,1.47384512424469,0.0,201.6739044189453,0.022951802238821983,0.38049381971359253
2450,1,3763200,5.546504974365234,1.4411247968673706,0.019536733627319336,256.340087890625,0.023090055212378502,0.40976837277412415
2500,1,3840000,5.596351623535156,1.4324084520339966,0.0,269.44158935546875,0.015874674543738365,0.3868475556373596
2550,1,3916800,5.588357448577881,1.431079626083374,0.0,267.2962341308594,0.019339032471179962,0.3783932328224182
2600,1,3993600,5.50518274307251,1.4243253469467163,0.0,245.96340942382812,0.01605151779949665,0.37787774205207825
2650,1,4070400,5.394612789154053,1.4426567554473877,0.0,220.2168731689453,0.01563320867717266,0.39953628182411194
2700,1,4147200,5.4346022605896,1.4530431032180786,0.0017528533935546875,229.20169067382812,0.0038879935164004564,0.4008764326572418
2750,1,4224000,5.673984527587891,1.450568437576294,0.0,291.1925048828125,0.00838808435946703,0.3879980444908142
2800,1,4300800,5.363729000091553,1.442233681678772,0.0,213.51968383789062,0.02167908288538456,0.3955235779285431
2850,1,4377600,5.337436199188232,1.4001940488815308,0.0,207.97882080078125,0.017890240997076035,0.3886311650276184
2900,1,4454400,5.44381856918335,1.4481427669525146,0.0,231.32382202148438,0.011666218750178814,0.3842834234237671
2950,1,4531200,5.407240390777588,1.4160982370376587,0.002777576446533203,223.01531982421875,0.018379338085651398,0.4013887941837311
3000,1,4608000,5.571727752685547,1.3910436630249023,0.0,262.8879089355469,0.008282560855150223,0.38224753737449646
3050,1,4684800,5.47217321395874,1.3616825342178345,0.01124560832977295,237.976806640625,0.016056658700108528,0.40562281012535095
3100,1,4761600,5.5531005859375,1.360512137413025,0.02047199010848999,258.036376953125,0.006002587731927633,0.4102360010147095
3150,1,4838400,5.140152454376221,1.4324374198913574,0.005984663963317871,170.74180603027344,0.009106121957302094,0.4029923379421234
3200,1,4915200,5.226609706878662,1.3405247926712036,0.0,186.16058349609375,0.006685634609311819,0.3788495659828186
3250,1,4992000,5.3036417961120605,1.364328384399414,0.0,201.06771850585938,-0.0005817686324007809,0.3891574442386627
3300,1,5068800,5.329971790313721,1.3515655994415283,0.0,206.43214416503906,0.003697919426485896,0.37442848086357117
3350,1,5145600,5.528242111206055,1.3744897842407227,0.00547558069229126,251.70106506347656,-0.0022570539731532335,0.4027377963066101
3400,1,5222400,5.394986629486084,1.3841869831085205,0.027413129806518555,220.2991943359375,-0.002261906862258911,0.41370657086372375
3450,1,5299200,5.314062595367432,1.3401341438293457,0.0,203.17398071289062,-0.006972387433052063,0.39220523834228516
3500,1,5376000,5.569563388824463,1.364101529121399,0.0,262.3195495605469,0.00210551917552948,0.3907214105129242
3550,1,5452800,5.147500514984131,1.372135877609253,0.0,172.0010528564453,0.002313166856765747,0.38052380084991455
3600,1,5529600,5.271005153656006,1.3783667087554932,0.0,194.61148071289062,0.001157031743787229,0.39504221081733704
3650,1,5606400,5.314856052398682,1.344131350517273,0.0,203.3352508544922,0.0052600703202188015,0.3957994878292084
3700,1,5683200,5.176315784454346,1.3442165851593018,0.0,177.02940368652344,0.004755483474582434,0.38812950253486633
3750,1,5760000,5.363494873046875,1.3485937118530273,0.0,213.4696807861328,0.005280212964862585,0.3960755169391632
3800,1,5836800,5.383237361907959,1.338022232055664,0.0,217.7259979248047,0.013820145279169083,0.3954283595085144
3850,1,5913600,5.302382469177246,1.357264518737793,0.0,200.81468200683594,0.017031380906701088,0.3950100243091583
3900,1,5990400,5.24860954284668,1.3361893892288208,0.0,190.30148315429688,0.015923459082841873,0.3911844491958618
3950,1,6067200,5.359476566314697,1.3098021745681763,0.0,212.61363220214844,0.009899896569550037,0.39316418766975403
4000,1,6144000,5.3115997314453125,1.341225266456604,0.0,202.6741943359375,0.008348982781171799,0.3917897641658783
4050,1,6220800,5.323238372802734,1.3290148973464966,0.0,205.0468292236328,0.003487924812361598,0.3912650942802429
4100,1,6297600,5.478176116943359,1.3145177364349365,0.0,239.40965270996094,0.009880428202450275,0.38316085934638977
4150,1,6374400,5.292762279510498,1.3048769235610962,0.0,198.89205932617188,0.004098770674318075,0.38644593954086304
4200,1,6451200,5.461843490600586,1.3005635738372803,0.0,235.53121948242188,0.009928486309945583,0.39157068729400635
4250,1,6528000,5.17604398727417,1.2936341762542725,0.0,176.9812774658203,0.005149127449840307,0.39016783237457275
4300,1,6604800,5.193376064300537,1.3099995851516724,0.0,180.0754852294922,0.008041627705097198,0.3987334072589874
4350,1,6681600,5.0288405418396,1.3421480655670166,0.0,152.7557830810547,0.0074045234359800816,0.39961397647857666
4400,1,6758400,5.021823883056641,1.2764356136322021,0.0,151.68771362304688,0.0062313140369951725,0.39024144411087036
4450,1,6835200,5.513697147369385,1.3057212829589844,0.0009236931800842285,248.0665740966797,0.004194954875856638,0.4004618525505066
4500,1,6912000,5.278768539428711,1.284365177154541,0.0,196.12820434570312,0.009173820726573467,0.3931984007358551
4550,1,6988800,5.327643871307373,1.3221018314361572,0.0,205.9521484375,0.002762154908850789,0.3929935097694397
4600,1,7065600,5.2353949546813965,1.3278871774673462,0.019482731819152832,187.8032684326172,0.003903110744431615,0.4097413718700409
4650,1,7142400,5.363264560699463,1.274263620376587,0.0,213.4205322265625,0.013266206718981266,0.36412423849105835
4700,1,7219200,5.06592321395874,1.302107334136963,0.0,158.52671813964844,0.00491087744012475,0.39853546023368835
4750,1,7296000,5.146085739135742,1.3158830404281616,0.0,171.75787353515625,0.009948062710464,0.3877442479133606
4800,1,7372800,5.183451175689697,1.2572535276412964,0.0,178.29708862304688,0.015258661471307278,0.38101255893707275
4850,1,7449600,5.1481194496154785,1.2655025720596313,0.003752291202545166,172.10752868652344,0.012422456406056881,0.40187615156173706
4900,1,7526400,5.204826831817627,1.2663066387176514,0.0,182.1493377685547,0.017819032073020935,0.3976167142391205
4950,1,7603200,5.132464408874512,1.240929126739502,0.0332951545715332,169.4341583251953,0.022702768445014954,0.4166475832462311
5000,1,7680000,5.199568271636963,1.2454755306243896,0.0,181.19398498535156,0.01176886260509491,0.386067271232605
5050,1,7756800,5.15923547744751,1.2528940439224243,0.0020591020584106445,174.03134155273438,0.009301561862230301,0.4010295569896698
5100,1,7833600,5.252124786376953,1.2293421030044556,0.0,190.97161865234375,0.005268157925456762,0.3833717703819275
5150,1,7910400,5.227436542510986,1.3166677951812744,0.011751234531402588,186.31459045410156,0.011277553625404835,0.40587562322616577
5200,1,7987200,5.087367534637451,1.2583563327789307,0.010418951511383057,161.9629364013672,0.014958948828279972,0.405209481716156
5250,1,8064000,5.161336421966553,1.248048186302185,0.0,174.39736938476562,-0.0049188025295734406,0.390414297580719
5300,1,8140800,5.056045055389404,1.3045573234558105,0.0,156.96849060058594,0.004872302059084177,0.3886467218399048
5350,1,8217600,4.945969104766846,1.2418005466461182,0.006133139133453369,140.60704040527344,0.002316390397027135,0.40306657552719116
5400,1,8294400,5.00865364074707,1.221375823020935,0.0,149.70303344726562,-0.002707767067477107,0.3948541283607483
5450,1,8371200,5.236265659332275,1.2396482229232788,0.0,187.9668731689453,0.006142217665910721,0.3965732753276825
5500,1,8448000,5.160420894622803,1.2065370082855225,0.010739684104919434,174.23777770996094,0.005974283907562494,0.4053698480129242
5550,1,8524800,5.275829315185547,1.2151769399642944,0.0,195.55258178710938,-0.004259099718183279,0.38407644629478455
5600,1,8601600,5.149510860443115,1.2386023998260498,0.009033143520355225,172.34716796875,0.004150667693465948,0.4045165777206421
5650,1,8678400,5.049376964569092,1.229336142539978,0.0,155.92527770996094,-0.00028639286756515503,0.3940160870552063
5700,1,8755200,5.02310037612915,1.313102126121521,0.02457505464553833,151.8814697265625,0.002880376996472478,0.41228753328323364
5750,1,8832000,5.065120697021484,1.2287101745605469,0.0,158.39955139160156,0.009085317142307758,0.3904407024383545
5800,1,8908800,4.887938976287842,1.25579833984375,0.004837930202484131,132.67984008789062,0.008929681964218616,0.40241897106170654
5850,1,8985600,5.054812431335449,1.2185461521148682,0.0,156.77513122558594,0.007112141698598862,0.37877157330513
5900,1,9062400,5.175169467926025,1.2197246551513672,0.0,176.8265838623047,-0.004636681172996759,0.3853498697280884
5950,1,9139200,5.248185634613037,1.2235764265060425,0.0,190.22084045410156,-0.007318288087844849,0.3965257704257965
6000,1,9216000,5.152809143066406,1.2048208713531494,0.0,172.91656494140625,0.0001652836799621582,0.3967045843601227
6050,1,9292800,5.103745937347412,1.2009215354919434,0.0,164.63748168945312,0.00512100150808692,0.3767313063144684
6100,1,9369600,5.124125957489014,1.2140346765518188,0.0,168.02720642089844,-0.007473055273294449,0.39825719594955444
6150,1,9446400,5.192962169647217,1.2139191627502441,0.0,180.00096130371094,-0.0046116686426103115,0.38969162106513977
6200,1,9523200,5.185207843780518,1.1554182767868042,0.0,178.61056518554688,-0.001094760955311358,0.3742123246192932
6250,1,9600000,5.0349440574646,1.1970707178115845,0.012701749801635742,153.6909942626953,-0.005242911633104086,0.40635088086128235
6300,1,9676800,5.093644142150879,1.2391111850738525,0.0,162.9827117919922,-0.0023750700056552887,0.3976525366306305
6350,1,9753600,5.224008083343506,1.1814075708389282,0.0,185.67691040039062,-0.011114365421235561,0.3742015063762665
6400,1,9830400,5.175442218780518,1.1854897737503052,0.0,176.87481689453125,-0.009854726493358612,0.39124614000320435
6450,1,9907200,5.220962047576904,1.1860588788986206,0.0,185.1121826171875,-0.00030538314604200423,0.3829025626182556
6500,1,9984000,5.230684757232666,1.1738808155059814,0.004720449447631836,186.92076110839844,-0.0056969053111970425,0.4023602306842804
6550,1,10060800,5.349287509918213,1.182663917541504,0.01676177978515625,210.4582977294922,-0.006156218703836203,0.4083808958530426
6600,1,10137600,5.111629009246826,1.173537254333496,0.0,165.94044494628906,-0.0073938071727752686,0.3996666371822357
6650,1,10214400,5.007743835449219,1.1934762001037598,0.04616951942443848,149.56690979003906,-0.00486737722530961,0.4230847656726837
6700,1,10291200,5.336634159088135,1.1652449369430542,0.0,207.8120880126953,-0.005256665404886007,0.3894291818141937
6750,1,10368000,5.218751907348633,1.1605861186981201,0.0,184.70352172851562,-0.004648412112146616,0.3949333727359772
6800,1,10444800,5.162872791290283,1.1655502319335938,0.0,174.66551208496094,-0.01088715810328722,0.3934079706668854
6850,1,10521600,5.1756062507629395,1.1722781658172607,0.0,176.90383911132812,-0.012152650393545628,0.3927466869354248
6900,1,10598400,5.073144435882568,1.1330069303512573,0.0,159.67562866210938,-0.005853591952472925,0.37068456411361694
6950,1,10675200,5.126438140869141,1.1413090229034424,0.0065721869468688965,168.41616821289062,-0.0032551076728850603,0.4032860994338989
7000,1,10752000,4.946333408355713,1.1242241859436035,0.0,140.6582794189453,-0.00827833916991949,0.37490716576576233
7050,1,10828800,4.925920009613037,1.1492886543273926,0.013463973999023438,137.81607055664062,-0.010199191980063915,0.4067319929599762
7100,1,10905600,4.972293853759766,1.1240484714508057,0.0,144.35765075683594,-0.008676488883793354,0.39860764145851135
7150,1,10982400,5.065244674682617,1.1349958181381226,0.006988406181335449,158.41920471191406,-0.013872860930860043,0.4034942090511322
7200,1,11059200,5.006714344024658,1.1308345794677734,0.023593425750732422,149.4130096435547,-0.010261978954076767,0.4117967188358307
7250,1,11136000,5.090887546539307,1.1543242931365967,0.0,162.5340576171875,-0.01201536227017641,0.3967055380344391
7300,1,11212800,5.069487571716309,1.1236629486083984,0.0,159.0927734375,-0.008407247252762318,0.3928297460079193
7350,1,11289600,5.108054161071777,1.1221715211868286,0.029292821884155273,165.3483123779297,-0.012155083008110523,0.4146464169025421
7400,1,11366400,4.969027042388916,1.1008937358856201,0.0,143.88682556152344,-0.005105546209961176,0.38462647795677185
7450,1,11443200,5.065719127655029,1.142301082611084,0.024995803833007812,158.494384765625,-0.013263464905321598,0.4124979078769684
7500,1,11520000,5.018101215362549,1.145650029182434,0.0,151.12408447265625,-0.00985050480812788,0.3910583257675171
7550,1,11596800,5.206046104431152,1.1194510459899902,0.0,182.37156677246094,0.003115178318694234,0.39212676882743835
7600,1,11673600,5.182154178619385,1.1350622177124023,0.0,178.06597900390625,-0.007089292164891958,0.3867558538913727
7650,1,11750400,4.96160888671875,1.1160069704055786,0.0,142.82339477539062,-0.000301913678413257,0.3912562429904938
7700,1,11827200,4.887040615081787,1.0861502885818481,0.0,132.56069946289062,0.0014483233680948615,0.385284423828125
7750,1,11904000,5.015977382659912,1.1186654567718506,0.0,150.803466796875,0.019219694659113884,0.38718104362487793
7800,1,11980800,4.831338405609131,1.1097577810287476,0.0013886094093322754,125.378662109375,0.015377189964056015,0.4006943106651306
7850,1,12057600,4.960926532745361,1.108802318572998,0.012100398540496826,142.72596740722656,0.002010854659602046,0.4060502052307129
7900,1,12134400,5.035160064697266,1.1223855018615723,0.0,153.7241973876953,-0.004575822502374649,0.3809073269367218
7950,1,12211200,4.978113651275635,1.0860605239868164,0.0,145.20022583007812,0.005639748182147741,0.373155802488327
8000,1,12288000,4.923919200897217,1.099974274635315,0.0,137.5406036376953,0.013655443675816059,0.3962525427341461
8050,1,12364800,4.9987406730651855,1.1021897792816162,0.0,148.22637939453125,0.007074121385812759,0.3991178572177887
8100,1,12441600,5.228846073150635,1.0844234228134155,0.014900505542755127,186.57737731933594,0.003688286989927292,0.40745025873184204
8150,1,12518400,5.222754955291748,1.0882296562194824,0.0,185.44436645507812,0.00855602789670229,0.3967072665691376
8200,1,12595200,4.9675774574279785,1.0837416648864746,0.0,143.6783905029297,0.010903704911470413,0.39016878604888916
8250,1,12672000,5.468575954437256,1.093245029449463,0.02821105718612671,237.12228393554688,0.0035495683550834656,0.41410553455352783
8300,1,12748800,5.048198223114014,1.07913076877594,0.0,155.74159240722656,0.012349389493465424,0.39597955346107483
8350,1,12825600,5.2072434425354,1.0938243865966797,0.0,182.59005737304688,0.009968630038201809,0.39081868529319763
8400,1,12902400,5.02310037612915,1.0905553102493286,0.0,151.8814697265625,0.010147444903850555,0.39442721009254456
8450,1,12979200,5.1895833015441895,1.114317536354065,0.0,179.39378356933594,-0.0033232334535568953,0.3945726454257965
8500,1,13056000,4.898452281951904,1.086405634880066,0.0,134.08209228515625,0.007576978299766779,0.38322916626930237
8550,1,13132800,4.945323467254639,1.0870335102081299,0.0,140.51629638671875,-0.007134036626666784,0.38278913497924805
8600,1,13209600,4.76151180267334,1.0886293649673462,0.0,116.92256164550781,-0.004138426389545202,0.3898363709449768
8650,1,13286400,5.00899076461792,1.0800602436065674,0.0,149.75350952148438,-0.005263252649456263,0.3983840048313141
8700,1,13363200,4.993946075439453,1.0624361038208008,0.0,147.5173797607422,-0.0025963063817471266,0.3830023407936096
8750,1,13440000,5.185397148132324,1.0778734683990479,0.0,178.64437866210938,-0.008076428435742855,0.3891923129558563
8800,1,13516800,5.103387355804443,1.0821449756622314,0.01944255828857422,164.5784454345703,-0.007924017496407032,0.4097212851047516
8850,1,13593600,4.904451370239258,1.0610121488571167,0.0,134.88888549804688,-0.002936986507847905,0.39168208837509155
8900,1,13670400,5.011541843414307,1.0537630319595337,0.0,150.13604736328125,-0.004078948404639959,0.3963385224342346
8950,1,13747200,4.865116596221924,1.0626435279846191,0.0,129.68605041503906,0.004989273846149445,0.39659383893013
9000,1,13824000,4.803373336791992,1.0594640970230103,0.008046329021453857,121.92100524902344,0.00546187674626708,0.4040231704711914
9050,1,13900800,4.9116435050964355,1.0323057174682617,0.0,135.86251831054688,0.0010943947127088904,0.3861871361732483
9100,1,13977600,5.174460411071777,1.0498461723327637,0.0023050308227539062,176.7012481689453,0.006288584321737289,0.40115252137184143
9150,1,14054400,5.099569320678711,1.0606162548065186,0.0012460947036743164,163.9512939453125,0.008970380760729313,0.40062305331230164
9200,1,14131200,4.962338924407959,1.0592366456985474,0.0,142.9276885986328,0.013896060176193714,0.3882495164871216
9250,1,14208000,5.056171417236328,1.0483784675598145,0.008233487606048584,156.98831176757812,0.002831747056916356,0.40411674976348877
9300,1,14284800,4.892684459686279,1.038219928741455,0.0,133.3109588623047,-0.004552180413156748,0.3895464837551117
9350,2,14361600,5.044228553771973,1.0569515228271484,0.0,155.12457275390625,-0.008193322457373142,0.39723652601242065
9400,2,14438400,5.033224582672119,1.0421085357666016,0.002123594284057617,153.4269561767578,-0.009399150498211384,0.4010618031024933
9450,2,14515200,4.772848129272461,1.0351001024246216,0.0,118.25557708740234,-0.0053072646260261536,0.3913857638835907
9500,2,14592000,4.900065898895264,1.049173355102539,0.010027587413787842,134.2986297607422,-0.0048400224186480045,0.4050137996673584
9550,2,14668800,5.010558605194092,1.0599138736724854,0.03497213125228882,149.98849487304688,0.005697668995708227,0.4174860715866089
9600,2,14745600,5.097742080688477,1.0514038801193237,0.0,163.6519775390625,0.011188757605850697,0.38800886273384094
9650,2,14822400,4.988113880157471,1.0439609289169312,0.0,146.6595458984375,0.005601804703474045,0.39789751172065735
9700,2,14899200,4.960815906524658,1.0584510564804077,0.04083585739135742,142.71017456054688,0.009541037492454052,0.4204179346561432
9750,2,14976000,4.859357833862305,1.0350608825683594,0.0,128.94137573242188,0.022296754643321037,0.3863410949707031
9800,2,15052800,4.854442119598389,1.0444928407669067,0.025412917137145996,128.30908203125,0.003635227680206299,0.4127064645290375
9850,2,15129600,4.990246772766113,1.0174514055252075,0.0,146.97268676757812,0.00044535472989082336,0.39613622426986694
9900,2,15206400,5.13383674621582,1.0196025371551514,0.018732964992523193,169.66683959960938,0.016972936689853668,0.4093664884567261
9950,2,15283200,4.953826904296875,1.0017207860946655,0.0,141.7162628173828,0.008974398486316204,0.398345410823822
10000,2,15360000,4.8550190925598145,1.0459132194519043,0.0,128.38314819335938,-0.009392973966896534,0.3663363456726074
10050,2,15436800,5.19754695892334,1.04880952835083,0.0,180.828125,-0.01677822507917881,0.3959388732910156
10100,2,15513600,4.9378814697265625,1.0269396305084229,0.0,139.47445678710938,-0.0068533532321453094,0.3826610743999481
10150,2,15590400,5.02899169921875,1.0021171569824219,0.0,152.7788848876953,-0.006142148282378912,0.39037609100341797
10200,2,15667200,4.947013854980469,1.004472255706787,0.0,140.75401306152344,-0.01738305576145649,0.3872729539871216
10250,2,15744000,4.921656131744385,1.0186901092529297,0.04810535907745361,137.2296905517578,-0.020232340320944786,0.4240526854991913
10300,2,15820800,4.911277770996094,0.9842252731323242,0.0,135.81285095214844,-0.006041293498128653,0.3907245695590973
10350,2,15897600,4.951632022857666,0.9825342893600464,0.0027830004692077637,141.40554809570312,-0.011054713279008865,0.40139150619506836
10400,2,15974400,5.066677570343018,0.9949697256088257,0.007582187652587891,158.6463623046875,-0.00023093570780474693,0.4037910997867584
10450,2,16051200,4.8652777671813965,0.9932126998901367,0.0,129.7069549560547,-0.006679502781480551,0.3903828561306
10500,2,16128000,4.641078948974609,0.9922018647193909,0.00476527214050293,103.6561279296875,-0.009170806966722012,0.40238264203071594
10550,2,16204800,5.083826541900635,0.9800700545310974,0.0,161.39044189453125,-0.010574858635663986,0.3975631296634674
10600,2,16281600,5.120516300201416,0.9895590543746948,0.0,167.42178344726562,-0.004236862063407898,0.38780680298805237
10650,2,16358400,4.828941822052002,0.9747151136398315,0.0,125.07853698730469,0.006025020033121109,0.3877638876438141
10700,2,16435200,4.76205587387085,0.9601844549179077,0.0,116.98619842529297,-0.0037263582926243544,0.3868505358695984
10750,2,16512000,4.798337459564209,0.9756966829299927,0.0,121.3085708618164,-0.007025728467851877,0.39215970039367676
10800,2,16588800,4.969296455383301,0.9834167957305908,0.0,143.92559814453125,-0.01520463079214096,0.398261696100235
10850,2,16665600,4.855514049530029,0.9848307967185974,0.0,128.4467010498047,-0.005661735776811838,0.39169496297836304
10900,2,16742400,5.27376127243042,0.9767898917198181,0.0,195.14859008789062,0.0020548254251480103,0.3949480354785919
10950,2,16819200,5.114142894744873,0.9835767149925232,0.0,166.35813903808594,-0.0002529670891817659,0.39949044585227966
11000,2,16896000,4.977903366088867,0.9633767604827881,0.003474712371826172,145.16969299316406,0.006949467118829489,0.40173736214637756
11050,2,16972800,4.94269323348999,0.9709980487823486,0.018542766571044922,140.14718627929688,0.0010095486650243402,0.40927138924598694
11100,2,17049600,4.807401180267334,0.962044358253479,0.0,122.41307830810547,0.0018773576011881232,0.3896966278553009
11150,2,17126400,5.087455749511719,0.9492020010948181,0.0,161.97723388671875,-0.008077073842287064,0.39679211378097534
11200,2,17203200,4.615259170532227,0.9880530834197998,0.0,101.01400756835938,-0.0022770415525883436,0.39931026101112366
11250,2,17280000,4.896554946899414,0.984876275062561,0.0,133.82794189453125,0.004402729216963053,0.38724544644355774
11300,2,17356800,4.848977088928223,0.9553626775741577,0.0,127.60979461669922,0.017841966822743416,0.39963895082473755
11350,2,17433600,4.726320743560791,0.9765490293502808,0.0,112.87948608398438,-0.004654576536267996,0.3925134241580963
11400,2,17510400,4.7123308181762695,0.9783005118370056,0.03765803575515747,111.31130981445312,0.015412472188472748,0.4188290238380432
11450,2,17587200,4.772099018096924,0.9522600173950195,0.0,118.16702270507812,0.005729757249355316,0.38702720403671265
11500,2,17664000,5.081167697906494,0.9609106183052063,0.024693965911865234,160.96189880371094,0.005736914929002523,0.4123469889163971
11550,2,17740800,4.835287570953369,0.932950496673584,0.016760706901550293,125.87477111816406,-0.0015849968185648322,0.4083803594112396
11600,2,17817600,5.056323051452637,0.9393221139907837,0.0,157.0121307373047,-0.004565919283777475,0.3870842158794403
11650,2,17894400,4.901895999908447,0.9365003108978271,0.0,134.5446319580078,-0.004007706884294748,0.3856469988822937
11700,2,17971200,5.033361434936523,0.9356564283370972,0.0,153.4479522705078,-0.01252113189548254,0.3953399658203125
11750,2,18048000,4.889296531677246,0.9269773960113525,0.0,132.86007690429688,-0.016049226745963097,0.39717400074005127
11800,2,18124800,5.046902179718018,0.9306769371032715,0.0,155.53988647460938,-0.015436614863574505,0.391979843378067
11850,2,18201600,4.60089635848999,0.9244810342788696,0.026448309421539307,99.57353210449219,-0.01714673824608326,0.41322416067123413
11900,2,18278400,4.942031383514404,0.9211515784263611,0.0,140.05445861816406,-0.01955845020711422,0.3895597457885742
11950,2,18355200,4.858761787414551,0.9270545244216919,0.004149734973907471,128.8645477294922,-0.01645478419959545,0.4020748734474182
12000,2,18432000,4.702067852020264,0.9542184472084045,0.0,110.17475891113281,-0.008293874561786652,0.3929504454135895
12050,2,18508800,4.972532749176025,0.9129781723022461,0.0,144.3921356201172,-0.002417599083855748,0.3946452736854553
12100,2,18585600,4.637694835662842,0.9387731552124023,0.05441439151763916,103.30593872070312,-0.028109243139624596,0.42720720171928406
12150,2,18662400,4.989718914031982,0.908964991569519,0.0,146.8951416015625,-0.006872942205518484,0.3865278959274292
12200,2,18739200,4.852847576141357,0.9154764413833618,0.0,128.1046600341797,0.0009592336718924344,0.39905110001564026
12250,2,18816000,5.06566047668457,0.9176667928695679,0.014395058155059814,158.48509216308594,0.0043938918970525265,0.4071975350379944
12300,2,18892800,4.99539041519165,0.939316987991333,0.0,147.73060607910156,-0.008372955024242401,0.3836964964866638
12350,2,18969600,4.972100734710693,0.9006401300430298,0.0,144.32977294921875,-0.014445769600570202,0.3992965817451477
12400,2,19046400,4.9233856201171875,0.9102011919021606,0.010912299156188965,137.4672393798828,-0.0023848104756325483,0.40545615553855896
12450,2,19123200,5.096656322479248,0.8976206183433533,0.0,163.47439575195312,0.0037425782065838575,0.38219335675239563
12500,2,19200000,5.163060188293457,0.89805006980896,0.0,174.69825744628906,-0.007196591701358557,0.395052433013916
12550,2,19276800,5.006494522094727,0.9011862874031067,0.0,149.38015747070312,-0.0022673544008284807,0.38697701692581177
12600,2,19353600,4.70807409286499,0.9021202921867371,0.0,110.83849334716797,-0.0010019851615652442,0.3981214165687561
12650,2,19430400,5.098489284515381,0.8980087637901306,0.0,163.77430725097656,-0.0074622356332838535,0.38924095034599304
12700,2,19507200,4.974554061889648,0.9147833585739136,0.0,144.6842803955078,-0.012641344219446182,0.39488303661346436
12750,2,19584000,4.896022796630859,0.9032775163650513,0.0,133.75674438476562,-0.009501260705292225,0.3881972134113312
12800,2,19660800,4.532572269439697,0.8977689743041992,0.0,92.99746704101562,-0.019067369401454926,0.3990992605686188
12850,2,19737600,5.027353763580322,0.8881545066833496,0.0,152.5288543701172,-0.01709342934191227,0.3945530951023102
12900,2,19814400,5.0407023429870605,0.9108351469039917,0.0,154.5785369873047,0.002603936940431595,0.3958956301212311
12950,2,19891200,4.903873920440674,0.9445083141326904,0.01964592933654785,134.81101989746094,-0.006640281528234482,0.4098229706287384
13000,2,19968000,5.069283962249756,0.9152796268463135,0.02452242374420166,159.06039428710938,0.0050024427473545074,0.4122612178325653
13050,2,20044800,5.143124103546143,0.8872470855712891,0.0046495795249938965,171.2499237060547,0.0026164327282458544,0.4023247957229614
13100,2,20121600,4.69028902053833,0.8855506181716919,0.007530570030212402,108.88465118408203,-0.0016025254735723138,0.4037652909755707
13150,2,20198400,4.930357456207275,0.8860945701599121,0.009136617183685303,138.42898559570312,0.006361003965139389,0.40456831455230713
13200,2,20275200,4.937652111053467,0.884694516658783,0.020047366619110107,139.44247436523438,0.004779299255460501,0.41002368927001953
13250,2,20352000,4.93630838394165,0.872518002986908,0.03953033685684204,139.25521850585938,0.014948178082704544,0.4197651743888855
13300,2,20428800,4.918889045715332,0.8784264922142029,0.002686023712158203,136.85049438476562,-0.0027120783925056458,0.4013430178165436
13350,2,20505600,4.905737400054932,0.8980792760848999,0.011294543743133545,135.06246948242188,0.0044481814838945866,0.40564727783203125
13400,2,20582400,4.9679951667785645,0.8826629519462585,0.02926844358444214,143.73841857910156,0.005503264721482992,0.41463422775268555
13450,2,20659200,4.780830383300781,0.8692532777786255,0.0,119.20330047607422,0.009351787157356739,0.38887473940849304
13500,2,20736000,4.8570427894592285,0.8657022714614868,0.0,128.64321899414062,0.014094695448875427,0.38756993412971497
13550,2,20812800,4.895832061767578,0.890342652797699,0.024647057056427002,133.7312469482422,-0.0073184967041015625,0.412323534488678
13600,2,20889600,4.861011505126953,0.8741984963417053,0.0,129.15478515625,-0.00211440771818161,0.3953670561313629
13650,2,20966400,4.9018235206604,0.8672366142272949,0.016242563724517822,134.53488159179688,-0.0033253643196076155,0.4081212878227234
13700,2,21043200,4.798437595367432,0.8590433597564697,0.05739021301269531,121.32072448730469,-0.002749372273683548,0.42869511246681213
13750,2,21120000,4.993289470672607,0.8605720400810242,0.0,147.42056274414062,0.004066687077283859,0.3956548273563385
13800,2,21196800,4.737080097198486,0.8608254194259644,0.0,114.1005630493164,0.0027238999027758837,0.3999408781528473
13850,2,21273600,4.981988430023193,0.8758226037025452,0.0,145.76394653320312,-0.002048799069598317,0.3881239891052246
13900,2,21350400,4.871157169342041,0.8550409078598022,0.010933458805084229,130.4718017578125,-0.0031749706249684095,0.4054667353630066
13950,2,21427200,4.983304023742676,0.8436185717582703,0.0,145.95582580566406,-0.014916003681719303,0.3849855065345764
14000,2,21504000,4.979875087738037,0.8668862581253052,0.0,145.4562225341797,-0.00944499671459198,0.39540520310401917
14050,2,21580800,5.054233551025391,0.8513553738594055,0.0,156.6844024658203,0.0005655984277836978,0.3955362141132355
14100,2,21657600,5.028285026550293,0.871680498123169,0.0,152.67095947265625,0.0008821834926493466,0.38585081696510315
14150,2,21734400,5.03527307510376,0.8472654819488525,0.0,153.74156188964844,0.013843309134244919,0.39673560857772827
14200,2,21811200,4.809329986572266,0.8285003900527954,0.0,122.64942169189453,-0.00503888726234436,0.3948255181312561
14250,2,21888000,5.14652681350708,0.8434333205223083,0.006575345993041992,171.83364868164062,-0.0031078793108463287,0.4032876789569855
14300,2,21964800,4.86976957321167,0.8217700123786926,0.00421452522277832,130.2908935546875,-0.005598126444965601,0.40210726857185364
14350,2,22041600,4.9193949699401855,0.8142257928848267,0.010320007801055908,136.9197540283203,0.00433191517367959,0.40516000986099243
14400,2,22118400,4.921584606170654,0.8103010058403015,0.0,137.21987915039062,-0.010443790815770626,0.3744247853755951
14450,2,22195200,4.898715972900391,0.8004988431930542,0.0,134.11744689941406,0.012530793435871601,0.3899138867855072
14500,2,22272000,4.866869926452637,0.8310757279396057,0.019030869007110596,129.91363525390625,-0.006146846804767847,0.4095154404640198
14550,2,22348800,4.81898307800293,0.7994921207427979,0.008645892143249512,123.8390884399414,0.01612916588783264,0.40432295203208923
14600,2,22425600,4.963376998901367,0.7803966999053955,0.0,143.07614135742188,0.00025412687682546675,0.39696255326271057
14650,2,22502400,5.033191204071045,0.7998172640800476,0.02742820978164673,153.4218292236328,-0.0017092624912038445,0.41371411085128784
14700,2,22579200,4.7191243171691895,0.7818467617034912,0.0,112.07007598876953,-0.002468973398208618,0.39233118295669556
14750,2,22656000,4.986876487731934,0.7711683511734009,0.0,146.47817993164062,0.019890036433935165,0.39595910906791687
14800,2,22732800,5.037948131561279,0.7610737681388855,0.02596205472946167,154.15338134765625,-0.006906864698976278,0.4129810333251953
14850,2,22809600,4.605314254760742,0.775351881980896,0.0,100.014404296875,0.008151876740157604,0.39747676253318787
14900,2,22886400,4.805379867553711,0.7618465423583984,0.009438157081604004,122.16588592529297,0.006911029573529959,0.4047190845012665
14950,2,22963200,4.844679355621338,0.7943210601806641,0.0,127.06253814697266,-0.00030340501689352095,0.39764347672462463
15000,2,23040000,4.823688983917236,0.7787672281265259,0.0,124.4232406616211,-0.007064688950777054,0.3962036967277527
15050,2,23116800,4.928938388824463,0.7539089918136597,0.005758523941040039,138.23268127441406,0.009516789577901363,0.4028792679309845
15100,2,23193600,5.102558612823486,0.7485842108726501,0.004961192607879639,164.44212341308594,-0.007626224309206009,0.4024806022644043
15150,2,23270400,5.036319732666016,0.7613483667373657,0.009382903575897217,153.90257263183594,-0.006676995661109686,0.4046914577484131
15200,2,23347200,4.97216796875,0.7407106161117554,0.00975656509399414,144.33946228027344,-0.0013221291592344642,0.40487828850746155
15250,2,23424000,5.030114650726318,0.7390070557594299,0.018989622592926025,152.95054626464844,-0.009035606868565083,0.4094948172569275
15300,2,23500800,4.832902431488037,0.7516056895256042,0.003740370273590088,125.57490539550781,-0.010729365050792694,0.4018701910972595
15350,2,23577600,4.719302654266357,0.7486391067504883,0.0,112.09005737304688,-0.01359004806727171,0.39637666940689087
15400,2,23654400,4.826988697052002,0.7217687368392944,0.014890432357788086,124.83448028564453,-0.008263793773949146,0.4074452221393585
15450,2,23731200,4.777462005615234,0.7404059171676636,0.014136910438537598,118.80245208740234,0.00346171110868454,0.4070684611797333
15500,2,23808000,4.875378131866455,0.7347203493118286,0.002837955951690674,131.023681640625,-0.022179193794727325,0.4014189839363098
15550,2,23884800,5.012658596038818,0.7263635993003845,0.007048249244689941,150.30380249023438,-0.0006052901153452694,0.40352413058280945
15600,2,23961600,4.905872821807861,0.7435086369514465,0.0,135.0807647705078,0.005965724587440491,0.39909470081329346
15650,2,24038400,4.665708065032959,0.7346798181533813,0.022919833660125732,106.24079132080078,-0.005598572548478842,0.41145992279052734
15700,2,24115200,4.979977130889893,0.72109055519104,0.0,145.47105407714844,-0.007893238216638565,0.39676910638809204
15750,2,24192000,4.917782306671143,0.6987711191177368,0.0,136.69911193847656,-0.020278839394450188,0.37753525376319885
15800,2,24268800,4.914400100708008,0.7117522954940796,0.02512460947036743,136.23756408691406,0.0006436184048652649,0.4125623106956482
15850,2,24345600,4.861481189727783,0.7166059017181396,0.007253170013427734,129.2154541015625,-0.002256575971841812,0.40362659096717834
15900,2,24422400,5.018395900726318,0.699637770652771,0.0,151.16860961914062,0.018987076357007027,0.38616999983787537
15950,2,24499200,4.681089401245117,0.7069747447967529,0.0,107.88754272460938,0.020896881818771362,0.39757290482521057
16000,2,24576000,4.895079135894775,0.7047075629234314,0.015198707580566406,133.63058471679688,0.010931041091680527,0.4075993597507477
16050,2,24652800,4.907557010650635,0.6986424922943115,0.0,135.30845642089844,0.017782844603061676,0.38542836904525757
16100,2,24729600,5.292205810546875,0.7244946956634521,0.019679367542266846,198.78143310546875,0.01621299423277378,0.4098396897315979
16150,2,24806400,4.782161235809326,0.6877046823501587,0.0,119.36204528808594,0.016364173963665962,0.3859664797782898
16200,2,24883200,4.769362926483154,0.6921732425689697,0.0,117.8441390991211,0.008906171657145023,0.3746175765991211
16250,2,24960000,4.878532409667969,0.6943211555480957,0.0,131.4376220703125,0.014602442272007465,0.38864174485206604
16300,2,25036800,4.8474602699279785,0.7013347148895264,0.0,127.41637420654297,0.010636460036039352,0.3769647181034088
16350,2,25113600,4.9761786460876465,0.6937189698219299,0.0,144.91952514648438,0.009525666944682598,0.3906220495700836
16400,2,25190400,4.775857925415039,0.7010819911956787,0.0,118.6120376586914,0.0051071071065962315,0.38354068994522095
16450,2,25267200,4.835274696350098,0.7123894691467285,0.0,125.87316131591797,0.001396365463733673,0.3792457580566406
16500,2,25344000,4.856319427490234,0.7490609884262085,0.0,128.55020141601562,0.003279979107901454,0.39398524165153503
16550,2,25420800,4.720937728881836,0.725899338722229,0.0,112.27348327636719,0.016761064529418945,0.39113280177116394
16600,2,25497600,4.836864471435547,0.6801625490188599,0.0,126.07342529296875,0.006420051213353872,0.3837890625
16650,2,25574400,4.7818603515625,0.6729012727737427,0.0,119.32613372802734,-0.007473174482584,0.3837882876396179
16700,2,25651200,4.82011604309082,0.7085502743721008,0.0,123.97948455810547,0.000520266592502594,0.3856702148914337
16750,2,25728000,4.802100658416748,0.6924569010734558,0.020950794219970703,121.76593780517578,-0.007918350398540497,0.41047540307044983
16800,2,25804800,4.958593368530273,0.6902247667312622,0.03064906597137451,142.3933563232422,-0.0025853216648101807,0.41532453894615173
16850,2,25881600,4.6673994064331055,0.7066901326179504,0.06098395586013794,106.4206314086914,0.01377915870398283,0.43049198389053345
16900,2,25958400,4.863706111907959,0.6892982721328735,0.009805142879486084,129.50326538085938,0.01769212819635868,0.4049025774002075
16950,2,26035200,4.698484420776367,0.675511360168457,0.0,109.78067016601562,-0.010603848844766617,0.3932063579559326
17000,2,26112000,4.740285873413086,0.7065234184265137,0.015384376049041748,114.46692657470703,0.005303075071424246,0.40769219398498535
17050,2,26188800,4.952249526977539,0.6967955231666565,0.0,141.49288940429688,-0.019508687779307365,0.39455023407936096
17100,2,26265600,4.880692958831787,0.6759520173072815,0.0,131.72190856933594,-0.0031960532069206238,0.39571139216423035
17150,2,26342400,4.8291096687316895,0.680376410484314,0.008997678756713867,125.09953308105469,-0.005168713629245758,0.4044988453388214
17200,2,26419200,4.705112457275391,0.7208573818206787,0.0,110.5107192993164,-0.015118719078600407,0.3957327902317047
17250,2,26496000,4.831243515014648,0.6561208367347717,0.0,125.36676788330078,0.002523562638089061,0.38786616921424866
17300,2,26572800,4.516219615936279,0.6501197814941406,0.013386905193328857,91.48908233642578,-0.00661284988746047,0.4066934585571289
17350,2,26649600,4.882852554321289,0.6715538501739502,0.0,132.00668334960938,-0.0075997174717485905,0.3883219063282013
17400,2,26726400,4.851387023925781,0.6616551280021667,0.0,127.91769409179688,0.0046911402605473995,0.39182475209236145
17450,2,26803200,4.684967041015625,0.6629837155342102,0.0,108.30670928955078,-0.0076781087554991245,0.39982160925865173
17500,2,26880000,4.734559059143066,0.7094473838806152,0.009690463542938232,113.81327056884766,-0.01729791797697544,0.4048452377319336
17550,2,26956800,4.951342582702637,0.6565433740615845,0.0,141.3646240234375,-0.018683534115552902,0.3910464942455292
17600,2,27033600,4.945064067840576,0.6419980525970459,0.0,140.4798583984375,-0.018696585670113564,0.37986117601394653
17650,2,27110400,4.849140644073486,0.6991380453109741,0.02644968032836914,127.63066101074219,-0.009333983063697815,0.41322484612464905
17700,2,27187200,4.905998229980469,0.7010473012924194,0.0,135.0977020263672,-0.02847486175596714,0.3785833418369293
17750,2,27264000,4.760301113128662,0.6541650295257568,0.0,116.78108978271484,-0.017368515953421593,0.3848130702972412
17800,2,27340800,4.827579975128174,0.6429040431976318,0.0,124.90831756591797,-0.009677947498857975,0.39143675565719604
17850,2,27417600,4.733884334564209,0.6462772488594055,0.01935744285583496,113.73650360107422,-0.00378035637550056,0.40967872738838196
17900,2,27494400,4.877087593078613,0.6629757881164551,0.047939419746398926,131.2478485107422,-0.010689887218177319,0.42396971583366394
17950,2,27571200,4.586638927459717,0.6452820301055908,0.013901591300964355,98.1639404296875,-0.0136561319231987,0.40695080161094666
18000,2,27648000,4.824481964111328,0.6581747531890869,0.0,124.5219497680664,-0.0017948733875527978,0.3923403322696686
18050,2,27724800,4.923837661743164,0.6709266901016235,0.0070116519927978516,137.52938842773438,0.009990734048187733,0.4035058319568634
18100,2,27801600,4.683485507965088,0.649111807346344,0.04140734672546387,108.1463623046875,0.012319885194301605,0.4207036793231964
18150,2,27878400,4.685573577880859,0.6304312944412231,0.0,108.3724136352539,0.0031823974568396807,0.3891942799091339
18200,2,27955200,4.911111354827881,0.6622474789619446,0.023418545722961426,135.79025268554688,-0.00496803829446435,0.4117092788219452
18250,2,28032000,4.853537082672119,0.6383196115493774,0.0,128.19300842285156,-0.012075020931661129,0.3751010000705719
18300,2,28108800,4.974338054656982,0.6371170878410339,0.0,144.6530303955078,0.004223009571433067,0.39483293890953064
18350,2,28185600,4.8903632164001465,0.6613715291023254,0.013199269771575928,133.0018768310547,0.004430215805768967,0.40659964084625244
18400,2,28262400,4.792989253997803,0.6534484624862671,0.007158875465393066,120.66152954101562,0.017760716378688812,0.403579443693161
18450,2,28339200,4.8258957862854,0.6238021850585938,0.0,124.6981201171875,0.01242485735565424,0.390247642993927
18500,2,28416000,4.899392604827881,0.643000602722168,0.0,134.20823669433594,0.013317101635038853,0.3958325982093811
18550,2,28492800,4.989438533782959,0.6173285245895386,0.000579833984375,146.85394287109375,0.002973932074382901,0.400289922952652
18600,2,28569600,4.812071323394775,0.6612036824226379,0.0031761527061462402,122.9861068725586,0.0009129357640631497,0.4015880823135376
18650,3,28646400,4.674055576324463,0.6215282678604126,0.0,107.13134002685547,0.007214535493403673,0.3949120342731476
18700,3,28723200,4.934070110321045,0.6373435258865356,0.0,138.94387817382812,0.014633189886808395,0.3950939178466797
18750,3,28800000,4.936319351196289,0.6380733251571655,0.026603758335113525,139.25674438476562,0.0066137672401964664,0.41330188512802124
18800,3,28876800,4.882930278778076,0.6360838413238525,0.028454303741455078,132.01695251464844,0.008903011679649353,0.414227157831192
18850,3,28953600,4.67609977722168,0.6350225210189819,0.0,107.35057067871094,0.019083136692643166,0.397856205701828
18900,3,29030400,4.754886627197266,0.6347011923789978,0.013494312763214111,116.1504898071289,-0.001948737888596952,0.40674716234207153
18950,3,29107200,4.827246189117432,0.6110789775848389,0.0,124.86663055419922,-0.001915107131935656,0.395317941904068
19000,3,29184000,4.781990051269531,0.6113492250442505,0.0,119.34161376953125,0.0011959424009546638,0.39477792382240295
19050,3,29260800,5.0327348709106445,0.6242656707763672,0.019478321075439453,153.35183715820312,0.008019194938242435,0.4097391664981842
19100,3,29337600,4.758270263671875,0.6664173007011414,0.0,116.54415893554688,0.011105296202003956,0.38732537627220154
19150,3,29414400,4.818921089172363,0.6035280227661133,0.0,123.8314208984375,0.020869838073849678,0.3793005645275116
19200,3,29491200,4.843886852264404,0.717841625213623,0.01529383659362793,126.96187591552734,0.01677762344479561,0.40764692425727844
19250,3,29568000,4.585385799407959,0.6196622252464294,0.0,98.04100036621094,0.0046686106361448765,0.3863231837749481
19300,3,29644800,4.698762893676758,0.6060624718666077,0.005489826202392578,109.81124114990234,0.0013953583547845483,0.40274491906166077
19350,3,29721600,4.725059986114502,0.6169304847717285,0.0011774301528930664,112.73726654052734,0.009322740137577057,0.400588721036911
19400,3,29798400,5.239896297454834,0.6189577579498291,0.011368215084075928,188.65054321289062,-0.0007567561115138233,0.40568411350250244
19450,3,29875200,4.816169738769531,0.6123672723770142,0.0,123.4911880493164,-0.01207616925239563,0.3982901871204376
19500,3,29952000,4.716914176940918,0.6299118399620056,0.029729604721069336,111.82266235351562,0.011876445263624191,0.41486480832099915
19550,3,30028800,4.653122425079346,0.6306620836257935,0.010355174541473389,104.91205596923828,0.009507269598543644,0.40517759323120117
19600,3,30105600,4.635984420776367,0.6239942312240601,0.02282780408859253,103.12938690185547,0.0009724802221171558,0.41141390800476074
19650,3,30182400,4.754095077514648,0.6037447452545166,0.0,116.05857849121094,0.01350723672658205,0.39388594031333923
19700,3,30259200,4.875741481781006,0.5962644815444946,0.01630955934524536,131.07130432128906,-0.013352998532354832,0.40815478563308716
19750,3,30336000,4.747688293457031,0.5957292318344116,0.0,115.31739807128906,0.002127633662894368,0.3931429386138916
19800,3,30412800,5.051365375518799,0.6039800643920898,0.0,156.2356414794922,0.008150797337293625,0.39722940325737
19850,3,30489600,4.906919002532959,0.5943562984466553,0.016346216201782227,135.22215270996094,-0.005695553030818701,0.4081731140613556
19900,3,30566400,4.797170639038086,0.6262744665145874,0.0,121.1671142578125,0.00614888733252883,0.39580056071281433
19950,3,30643200,4.820041656494141,0.6017613410949707,0.0,123.97025299072266,0.005226715002208948,0.38325610756874084
20000,3,30720000,4.783514499664307,0.6368463635444641,0.0,119.523681640625,0.005856605712324381,0.38394108414649963
20050,3,30796800,4.793652534484863,0.5901440978050232,0.0,120.74158477783203,0.003710976568982005,0.39213621616363525
20100,3,30873600,4.718897342681885,0.5909556746482849,0.0,112.04463958740234,0.005160149186849594,0.3859074115753174
20150,3,30950400,4.849884510040283,0.598975658416748,0.0,127.72564697265625,0.011832238174974918,0.396541953086853
20200,3,31027200,4.968901634216309,0.5985878705978394,0.07715153694152832,143.86878967285156,0.006424652878195047,0.43857577443122864
20250,3,31104000,4.847715854644775,0.583983302116394,0.02884817123413086,127.44894409179688,0.015620514750480652,0.4144240915775299
20300,3,31180800,4.758963108062744,0.6021557450294495,0.031853318214416504,116.62493896484375,0.004006789531558752,0.41592666506767273
20350,3,31257600,4.799158573150635,0.5845047831535339,0.0,121.40821838378906,0.018963797017931938,0.37723779678344727
20400,3,31334400,5.018157005310059,0.6049463152885437,0.03208017349243164,151.13250732421875,-0.0016843365738168359,0.4160400927066803
20450,3,31411200,4.825857162475586,0.5750497579574585,0.04028940200805664,124.69330596923828,0.021260762587189674,0.4201447069644928
20500,3,31488000,4.96475076675415,0.6403008103370667,0.0,143.27284240722656,0.007607690989971161,0.3961038589477539
20550,3,31564800,4.996219158172607,0.5736054182052612,0.0,147.8531036376953,0.012075009755790234,0.39000648260116577
20600,3,31641600,4.799317836761475,0.5692300200462341,0.0,121.42755126953125,0.0053235627710819244,0.3897930979728699
20650,3,31718400,4.7720160484313965,0.5873634815216064,0.06977605819702148,118.15721893310547,0.00739935040473938,0.4348880350589752
20700,3,31795200,4.833335876464844,0.5695117712020874,0.0,125.62934875488281,0.01793830282986164,0.3946608901023865
20750,3,31872000,4.843330383300781,0.5650933980941772,0.0,126.89124298095703,0.014344585128128529,0.3850511610507965
20800,3,31948800,4.757867336273193,0.5758211612701416,0.0,116.4972152709961,0.01669898070394993,0.3949502110481262
20850,3,32025600,4.780456066131592,0.603529691696167,0.02236652374267578,119.15867614746094,0.015944629907608032,0.41118326783180237
20900,3,32102400,4.75967264175415,0.5692602396011353,0.0,116.70771789550781,0.027324682101607323,0.3871309161186218
20950,3,32179200,4.753957271575928,0.5573246479034424,0.0,116.04259490966797,0.024151502177119255,0.3986344635486603
21000,3,32256000,5.025105953216553,0.6156255006790161,0.0170670747756958,152.18638610839844,0.018849363550543785,0.4085335433483124
21050,3,32332800,4.742856979370117,0.5878521203994751,0.0,114.76161193847656,0.030143728479743004,0.3856565058231354
21100,3,32409600,4.821292400360107,0.5631260275840759,0.0003254413604736328,124.12540435791016,0.02419465221464634,0.4001627266407013
21150,3,32486400,4.809215068817139,0.6112987399101257,0.0031671524047851562,122.63532257080078,0.01772308722138405,0.40158358216285706
21200,3,32563200,4.910243034362793,0.5604634284973145,0.0,135.67237854003906,0.0043005445040762424,0.3906240463256836
21250,3,32640000,4.671706676483154,0.5506473779678345,0.0067822933197021484,106.87999725341797,0.013219055719673634,0.40339115262031555
21300,3,32716800,4.75794792175293,0.5687843561172485,0.0,116.50659942626953,0.02594681642949581,0.38660919666290283
21350,3,32793600,4.868022441864014,0.5826686024665833,0.0,130.06344604492188,0.01028499100357294,0.38520348072052
21400,3,32870400,4.8063435554504395,0.5564743280410767,0.0,122.28367614746094,-0.00429533002898097,0.3908481001853943
21450,3,32947200,4.74751615524292,0.5727835893630981,0.0,115.29754638671875,0.005172135308384895,0.3945530951023102
21500,3,33024000,4.931064128875732,0.5593257546424866,0.0,138.52684020996094,-0.0060301548801362514,0.39973121881484985
21550,3,33100800,5.040061950683594,0.5574986934661865,0.006422162055969238,154.47958374023438,-0.016316110268235207,0.4032110869884491
21600,3,33177600,4.795010566711426,0.5687539577484131,0.0,120.9056625366211,-0.00855888519436121,0.39018553495407104
21650,3,33254400,4.646847724914551,0.5527225732803345,0.0,104.25582122802734,-0.00788130797445774,0.3994610905647278
21700,3,33331200,4.768447399139404,0.5545046329498291,0.0,117.7363052368164,0.00424829451367259,0.39573895931243896
21750,3,33408000,4.86799955368042,0.563040018081665,0.03523063659667969,130.0604705810547,0.012630798853933811,0.4176153242588043
21800,3,33484800,4.933867931365967,0.5549458265304565,0.019610583782196045,138.91580200195312,0.0048061576671898365,0.4098052978515625
21850,3,33561600,4.796261310577393,0.5669354200363159,0.009320676326751709,121.0569839477539,0.009858102537691593,0.40466034412384033
21900,3,33638400,4.765392303466797,0.5519616007804871,0.0,117.37716674804688,0.0051188101060688496,0.39981427788734436
21950,3,33715200,4.672913551330566,0.5522924065589905,0.0,107.00906372070312,0.003072259947657585,0.3988903760910034
22000,3,33792000,4.571725845336914,0.5766012668609619,0.0,96.71086883544922,0.013824407942593098,0.38969987630844116
22050,3,33868800,4.9947710037231445,0.572050154209137,0.0,147.63912963867188,0.009725802578032017,0.3967248797416687
22100,3,33945600,4.789076328277588,0.552719235420227,0.011409461498260498,120.1903076171875,0.007243118714541197,0.4057047367095947
22150,3,34022400,4.745537281036377,0.5671610832214355,0.011618733406066895,115.06961059570312,0.010683988220989704,0.4058093726634979
22200,3,34099200,4.822376251220703,0.5638020038604736,0.008474528789520264,124.260009765625,0.008834279142320156,0.4042372703552246
22250,3,34176000,4.842426776885986,0.5818376541137695,0.04948478937149048,126.77664184570312,0.0012626844691112638,0.4247424006462097
22300,3,34252800,4.806217670440674,0.577063798904419,0.00625842809677124,122.2682876586914,0.028904994949698448,0.4031292200088501
22350,3,34329600,4.837569713592529,0.5562112927436829,0.0,126.16236877441406,0.016357889398932457,0.3835356533527374
22400,3,34406400,4.874207019805908,0.5658646821975708,0.0,130.87033081054688,0.017965206876397133,0.3992477059364319
22450,3,34483200,4.803130626678467,0.5486295819282532,0.013972997665405273,121.89142608642578,0.005751993507146835,0.4069865047931671
22500,3,34560000,4.92112922668457,0.5662750601768494,0.013996422290802002,137.15740966796875,0.024630816653370857,0.4069982171058655
22550,3,34636800,4.8048176765441895,0.5478830933570862,0.02802252769470215,122.09723663330078,0.024591093882918358,0.41401126980781555
22600,3,34713600,4.843883991241455,0.5446556806564331,0.01878911256790161,126.96150970458984,0.03322293981909752,0.4093945622444153
22650,3,34790400,4.6529998779296875,0.5789058208465576,0.004826545715332031,104.89920043945312,0.017239557579159737,0.4024132788181305
22700,3,34867200,4.648950576782227,0.5424975752830505,0.0,104.47528839111328,-0.010965545661747456,0.38171258568763733
22750,3,34944000,4.755762577056885,0.5825609564781189,0.07768017053604126,116.25227355957031,0.011200868524610996,0.4388400912284851
22800,3,35020800,4.864394664764404,0.5610466003417969,0.0,129.59246826171875,0.015537962317466736,0.3749831020832062
22850,3,35097600,5.002458572387695,0.5491944551467896,0.0,148.7784881591797,0.02743215300142765,0.3964160978794098
22900,3,35174400,5.046624183654785,0.5506364107131958,0.022331416606903076,155.4966583251953,0.01503166276961565,0.411165714263916
22950,3,35251200,4.796365261077881,0.5623559951782227,0.0,121.06956481933594,0.020326150581240654,0.39243555068969727
23000,3,35328000,4.707076549530029,0.546291708946228,0.012423813343048096,110.72798919677734,0.008934132754802704,0.4062119126319885
23050,3,35404800,4.77049446105957,0.570168137550354,0.0,117.9775619506836,-0.007819625549018383,0.38085177540779114
23100,3,35481600,4.96703577041626,0.5385026931762695,0.007744014263153076,143.60060119628906,0.004700458142906427,0.403872013092041
23150,3,35558400,4.785267353057861,0.5428328514099121,0.0,119.7333755493164,0.0052166408859193325,0.3954732120037079
23200,3,35635200,4.823180198669434,0.5352510213851929,0.0,124.35995483398438,0.016078943386673927,0.38299500942230225
23250,3,35712000,4.755887508392334,0.5355551242828369,0.013890445232391357,116.26679992675781,0.005794954020529985,0.40694522857666016
23300,3,35788800,4.843576908111572,0.5382406711578369,0.023411691188812256,126.92253875732422,0.005382752511650324,0.4117058515548706
23350,3,35865600,5.01885986328125,0.5422245264053345,0.009676337242126465,151.23876953125,0.019052641466259956,0.4048381745815277
23400,3,35942400,4.832267761230469,0.564111590385437,0.029052793979644775,125.49523162841797,0.016352849081158638,0.41452640295028687
23450,3,36019200,4.765139102935791,0.5161733031272888,0.004606127738952637,117.3474349975586,0.012736405245959759,0.4023030698299408
23500,3,36096000,4.556186676025391,0.5547101497650146,0.0,95.21968078613281,0.023617377504706383,0.3918941617012024
23550,3,36172800,4.8331685066223145,0.5406395196914673,0.009252846240997314,125.60832214355469,0.01659329980611801,0.40462642908096313
23600,3,36249600,4.736232280731201,0.5484361052513123,0.038420021533966064,114.00386047363281,0.026197105646133423,0.4192100167274475
23650,3,36326400,4.672151565551758,0.5360188484191895,0.0,106.92755889892578,0.033037278801202774,0.3993515074253082
23700,3,36403200,4.7838239669799805,0.5378509163856506,0.0,119.56067657470703,0.017458373680710793,0.39745065569877625
23750,3,36480000,4.891087055206299,0.5327966809272766,0.0,133.0981903076172,0.013138786889612675,0.39259234070777893
23800,3,36556800,4.641391754150391,0.5224992632865906,0.0,103.68855285644531,0.01239102240651846,0.3955666124820709
23850,3,36633600,4.97789192199707,0.5270369052886963,0.03424787521362305,145.16802978515625,0.0035374779254198074,0.417123943567276
23900,3,36710400,4.7390456199646,0.5512192249298096,0.0,114.3250503540039,0.012269966304302216,0.39531636238098145
23950,3,36787200,4.937768459320068,0.5346049666404724,0.0,139.4586944580078,-0.014121484942734241,0.3966042697429657
24000,3,36864000,4.690283298492432,0.5651957988739014,0.0,108.88401794433594,0.009083974175155163,0.39985302090644836
24050,3,36940800,4.845551013946533,0.5153188705444336,0.0,127.17333984375,-0.0036385462153702974,0.3854164481163025
24100,3,37017600,4.759263515472412,0.5330357551574707,0.0,116.65998077392578,0.00812935084104538,0.3811629116535187
24150,3,37094400,4.874047756195068,0.5280367732048035,0.0,130.84950256347656,0.011975725181400776,0.399852991104126
24200,3,37171200,4.602980136871338,0.5385227799415588,0.0,99.78123474121094,0.00042401006794534624,0.3865336775779724
24250,3,37248000,4.8682942390441895,0.5378794074058533,0.008708178997039795,130.0988006591797,0.00931465718895197,0.4043540954589844
24300,3,37324800,4.760059356689453,0.5239474177360535,0.02594977617263794,116.75285339355469,0.0009826639434322715,0.41297489404678345
24350,3,37401600,4.559713363647461,0.5357422828674316,0.024194180965423584,95.55608367919922,0.011632670648396015,0.41209709644317627
24400,3,37478400,4.963057994842529,0.5164310932159424,0.0,143.030517578125,0.004941040650010109,0.39566314220428467
24450,3,37555200,4.810374736785889,0.5492539405822754,0.01866614818572998,122.77761840820312,0.004505321849137545,0.40933308005332947
24500,3,37632000,4.991584300994873,0.5404326319694519,0.0,147.16940307617188,0.023611193522810936,0.3923093378543854
24550,3,37708800,4.619907855987549,0.5414620637893677,0.027241885662078857,101.48468017578125,0.01240018755197525,0.4136209487915039
24600,3,37785600,4.788247585296631,0.5129109025001526,0.017443358898162842,120.09073638916016,0.01431561540812254,0.4087216854095459
24650,3,37862400,4.765487194061279,0.5256664752960205,0.020180165767669678,117.38829803466797,0.004582105670124292,0.4100900888442993
24700,3,37939200,4.784068584442139,0.5268745422363281,0.02155226469039917,119.58992767333984,0.013087795116007328,0.41077613830566406
24750,3,38016000,4.753290176391602,0.5234984159469604,0.0,115.96520233154297,0.025376340374350548,0.38885965943336487
24800,3,38092800,4.8572869300842285,0.5297783613204956,0.00978708267211914,128.6746368408203,0.0057089668698608875,0.40489354729652405
24850,3,38169600,4.681920528411865,0.5118699073791504,0.0,107.97724151611328,0.02013903297483921,0.39712679386138916
24900,3,38246400,4.528721332550049,0.5153672099113464,0.0,92.64002990722656,0.003393573686480522,0.3759014904499054
24950,3,38323200,4.673367977142334,0.5061748027801514,0.0,107.05770874023438,0.008751638233661652,0.39120593667030334
25000,3,38400000,4.697381973266602,0.5272303223609924,0.0004973411560058594,109.65970611572266,0.019049903377890587,0.4002486765384674
25050,3,38476800,4.832306385040283,0.5156317949295044,0.0,125.50008392333984,0.02834087423980236,0.3954189419746399
25100,3,38553600,4.661262035369873,0.511374831199646,0.028616666793823242,105.76948547363281,0.01469526905566454,0.4143083393573761
25150,3,38630400,4.647317409515381,0.5243370532989502,0.010686397552490234,104.30480194091797,0.03497593104839325,0.4053432047367096
25200,3,38707200,4.717123985290527,0.5161386132240295,0.012588798999786377,111.84612274169922,0.04853729531168938,0.40629440546035767
25250,3,38784000,4.838991641998291,0.5241670608520508,0.0,126.3418960571289,0.028981557115912437,0.39968425035476685
25300,3,38860800,4.772613048553467,0.5058364272117615,0.002693653106689453,118.22777557373047,0.024598635733127594,0.4013468325138092
25350,3,38937600,4.365177631378174,0.4964398145675659,0.0,78.66336822509766,0.022359229624271393,0.380432665348053
25400,3,39014400,4.8575615882873535,0.5065122842788696,0.0,128.70997619628906,0.03438381850719452,0.3877062499523163
25450,3,39091200,4.7241034507751465,0.4950573146343231,0.0,112.62947845458984,0.017560968175530434,0.3825499415397644
25500,3,39168000,4.585069179534912,0.5004913806915283,0.0,98.00996398925781,0.018720028921961784,0.3956512212753296
25550,3,39244800,4.929971218109131,0.49639055132865906,0.0,138.3755340576172,0.03987061604857445,0.3810635209083557
25600,3,39321600,4.490653038024902,0.510823667049408,0.008209705352783203,89.1796646118164,0.011570066213607788,0.4041048586368561
25650,3,39398400,4.672122001647949,0.49397897720336914,0.011802852153778076,106.92440032958984,0.020717093721032143,0.4059014320373535
25700,3,39475200,4.709857940673828,0.5076709985733032,0.0,111.03639221191406,0.030863339081406593,0.39611178636550903
25750,3,39552000,4.7156081199646,0.5124444365501404,0.0,111.67670440673828,0.04049397259950638,0.39499372243881226
25800,3,39628800,4.678940773010254,0.49855899810791016,0.005269885063171387,107.6559829711914,0.041054051369428635,0.40263494849205017
25850,3,39705600,4.762627124786377,0.496731698513031,0.0,117.05303955078125,0.030093520879745483,0.37497150897979736
25900,3,39782400,4.652796268463135,0.5047362446784973,0.0,104.87784576416016,0.028550928458571434,0.385184645652771
25950,3,39859200,4.756897449493408,0.49589183926582336,0.0,116.38427734375,0.034370794892311096,0.3875636160373688
26000,3,39936000,4.791653156280518,0.5030931830406189,0.0,120.50041198730469,0.015965105965733528,0.38280364871025085
26050,3,40012800,4.722523212432861,0.4859172999858856,0.0035581588745117188,112.4516372680664,0.011916879564523697,0.40177908539772034
26100,3,40089600,4.8573317527771,0.4922255277633667,0.013723373413085938,128.68038940429688,0.024306833744049072,0.40686169266700745
26150,3,40166400,4.736367702484131,0.5170709490776062,0.004960060119628906,114.01930236816406,0.006778088863939047,0.40248003602027893
26200,3,40243200,4.747594833374023,0.5006628036499023,0.006784975528717041,115.3066177368164,0.013417127542197704,0.403392493724823
26250,3,40320000,4.820454120635986,0.5167802572250366,0.0,124.02140045166016,0.029398368671536446,0.3875185549259186
26300,3,40396800,4.765861511230469,0.4935470521450043,0.0,117.43224334716797,0.008724634535610676,0.3974531590938568
26350,3,40473600,4.877380847930908,0.49670830368995667,0.022507190704345703,131.28634643554688,0.018806785345077515,0.41125360131263733
26400,3,40550400,4.699550628662109,0.49718597531318665,0.0,109.89777374267578,0.01901385188102722,0.389445036649704
26450,3,40627200,4.874258518218994,0.5004581212997437,0.0,130.8770751953125,0.02324511669576168,0.39848846197128296
26500,3,40704000,4.844511032104492,0.4983043074607849,0.0,127.04115295410156,0.01270503830164671,0.3904270529747009
26550,3,40780800,4.753308296203613,0.4946134686470032,0.011998653411865234,115.9673080444336,0.010142838582396507,0.4059993326663971
26600,3,40857600,4.8056488037109375,0.48633134365081787,0.0,122.1987533569336,0.014222946017980576,0.39614537358283997
26650,3,40934400,4.6521992683410645,0.4949660897254944,0.0,104.81525421142578,0.003569488413631916,0.38746368885040283
26700,3,41011200,4.958730697631836,0.510710597038269,0.03915601968765259,142.4129180908203,0.02777903340756893,0.41957801580429077
26750,3,41088000,4.816417217254639,0.5041379332542419,0.0,123.5217514038086,0.01840248703956604,0.3888719379901886
26800,3,41164800,4.86300802230835,0.5080958008766174,0.0,129.41290283203125,0.017293499782681465,0.39574214816093445
26850,3,41241600,4.758437633514404,0.4883803725242615,0.0,116.56367492675781,0.021031931042671204,0.38427212834358215
26900,3,41318400,4.759989261627197,0.5013183355331421,0.0,116.74467468261719,0.028235694393515587,0.39953702688217163
26950,3,41395200,4.748301029205322,0.49011898040771484,0.0,115.3880844116211,0.013320519588887691,0.38915401697158813
27000,3,41472000,4.726231098175049,0.4903545379638672,0.020911872386932373,112.86936950683594,0.009844462387263775,0.41045594215393066
27050,3,41548800,4.724696636199951,0.49001550674438477,0.0,112.6963119506836,0.028766831383109093,0.3865140974521637
27100,3,41625600,4.760146617889404,0.48777806758880615,0.0076708197593688965,116.76304626464844,0.027869313955307007,0.4038354158401489
27150,3,41702400,4.78416109085083,0.4918034076690674,0.0,119.60098266601562,0.023006504401564598,0.39219608902931213
27200,3,41779200,4.815739154815674,0.48602479696273804,0.0,123.43802642822266,0.018217602744698524,0.3957255184650421
27250,3,41856000,4.755575656890869,0.4862564206123352,0.0,116.23055267333984,0.02625044621527195,0.3773929178714752
27300,3,41932800,4.78118371963501,0.49657875299453735,0.0,119.24542236328125,0.0156107097864151,0.3827895224094391
27350,3,42009600,5.001998424530029,0.48770788311958313,0.015073776245117188,148.71005249023438,0.030115371569991112,0.40753689408302307
27400,3,42086400,4.648660182952881,0.4784749150276184,0.0,104.44495391845703,0.01614765264093876,0.3870778977870941
27450,3,42163200,4.782006740570068,0.49149584770202637,0.040528297424316406,119.3436050415039,0.030316591262817383,0.4202641546726227
27500,3,42240000,4.753509044647217,0.4844462275505066,0.04662960767745972,115.99058532714844,0.026531733572483063,0.42331480979919434
27550,3,42316800,4.818430423736572,0.5144266486167908,0.0,123.77067565917969,0.01775338314473629,0.3897198736667633
27600,3,42393600,4.50184965133667,0.4810275137424469,0.0,90.18379211425781,0.029966697096824646,0.37590065598487854
27650,3,42470400,4.728610038757324,0.48648566007614136,0.0,113.13819122314453,0.020583277568221092,0.39755964279174805
27700,3,42547200,4.745790958404541,0.49685195088386536,0.0,115.09880828857422,0.016288897022604942,0.38828474283218384
27750,3,42624000,4.801217555999756,0.5069466233253479,0.01678180694580078,121.65845489501953,0.02945530414581299,0.40839090943336487
27800,3,42700800,4.674904823303223,0.481323778629303,0.0023815035820007324,107.22236633300781,0.0248430073261261,0.40119075775146484
27850,3,42777600,4.7129130363464355,0.4946513772010803,0.0,111.37613677978516,0.019789287820458412,0.39250531792640686
27900,3,42854400,4.677602291107178,0.47725144028663635,0.0,107.51197814941406,0.032457415014505386,0.39966580271720886
27950,3,42931200,4.718112945556641,0.48241126537323,0.008068561553955078,111.956787109375,0.020963847637176514,0.404034286737442
28000,4,43008000,4.6780877113342285,0.48156455159187317,0.0,107.5641860961914,0.027146587148308754,0.3908860385417938
28050,4,43084800,4.81744384765625,0.47868669033050537,0.02193593978881836,123.64862823486328,0.0297097098082304,0.41096797585487366
28100,4,43161600,4.6034698486328125,0.5119174718856812,0.028010129928588867,99.83010864257812,0.019733024761080742,0.4140050709247589
28150,4,43238400,4.488570690155029,0.47826722264289856,0.0,88.99414825439453,0.029666952788829803,0.3930538594722748
28200,4,43315200,4.717141628265381,0.487452894449234,0.0,111.84809112548828,0.04094354808330536,0.39698880910873413
28250,4,43392000,4.576340198516846,0.48344308137893677,0.04740244150161743,97.15815734863281,0.01646813564002514,0.4237012267112732
28300,4,43468800,4.736622333526611,0.493468701839447,0.03255736827850342,114.04833984375,0.02680177427828312,0.4162786900997162
28350,4,43545600,4.824007511138916,0.49814850091934204,0.007586061954498291,124.46288299560547,0.028427600860595703,0.4037930369377136
28400,4,43622400,4.628427505493164,0.4908478856086731,0.02202683687210083,102.35298156738281,0.017627496272325516,0.4110134243965149
28450,4,43699200,4.387155532836914,0.4649070203304291,0.0,80.41136932373047,0.02357926033437252,0.3925769329071045
28500,4,43776000,4.956510543823242,0.4740760326385498,0.012523651123046875,142.0970916748047,0.024133168160915375,0.4062618315219879
28550,4,43852800,4.955131530761719,0.470503568649292,0.007687807083129883,141.90127563476562,0.028098667040467262,0.4038439095020294
28600,4,43929600,4.6365790367126465,0.4735114574432373,0.0040430426597595215,103.19072723388672,0.03890836983919144,0.40202152729034424
28650,4,44006400,4.723600387573242,0.4773278832435608,0.0,112.57283782958984,0.04008973762392998,0.38964906334877014
28700,4,44083200,4.707520484924316,0.4797523021697998,0.0,110.77714538574219,0.018650690093636513,0.38358014822006226
28750,4,44160000,4.70492696762085,0.4834813177585602,0.0,110.49021911621094,0.03166898339986801,0.38992634415626526
28800,4,44236800,4.624451160430908,0.47037744522094727,0.0,101.9468002319336,0.026811817660927773,0.38403961062431335
28850,4,44313600,4.886577606201172,0.47129717469215393,0.018900811672210693,132.49932861328125,0.02512798272073269,0.4094504117965698
28900,4,44390400,4.749906063079834,0.4609901010990143,0.006630420684814453,115.57343292236328,0.03149018809199333,0.4033152163028717
28950,4,44467200,4.740703582763672,0.4732012450695038,0.0,114.5147476196289,0.03144817426800728,0.39254799485206604
29000,4,44544000,4.755026340484619,0.46911951899528503,0.0,116.16671752929688,0.03707157447934151,0.39492347836494446
29050,4,44620800,4.7368903160095215,0.4884418845176697,0.0,114.07890319824219,0.024810312315821648,0.3730972111225128
29100,4,44697600,4.8276495933532715,0.470369815826416,0.0,124.91700744628906,0.0298552718013525,0.3915274441242218
29150,4,44774400,4.875076770782471,0.4646230638027191,0.0,130.9842071533203,0.04830482229590416,0.3881758153438568
29200,4,44851200,4.797922611236572,0.4893988370895386,0.018433332443237305,121.25825500488281,0.029224157333374023,0.40921667218208313
29250,4,44928000,4.638306140899658,0.460906445980072,0.0,103.36911010742188,0.03707875683903694,0.3947954773902893
29300,4,45004800,4.6110334396362305,0.4649283289909363,0.0,100.58804321289062,0.0416417196393013,0.39806196093559265
29350,4,45081600,4.99650239944458,0.5250738859176636,0.0,147.89498901367188,0.04763147607445717,0.39771705865859985
29400,4,45158400,4.852424144744873,0.45962560176849365,0.0,128.05043029785156,0.0522521547973156,0.39102107286453247
29450,4,45235200,4.73435640335083,0.48010537028312683,0.0,113.79020690917969,0.03557654842734337,0.3959302008152008
29500,4,45312000,4.8834943771362305,0.451301634311676,0.008523404598236084,132.09144592285156,0.03800489008426666,0.4042617082595825
29550,4,45388800,4.655694007873535,0.4578593671321869,0.019999802112579346,105.18219757080078,0.0437932163476944,0.40999990701675415
29600,4,45465600,5.063310146331787,0.4573689103126526,0.005671143531799316,158.113037109375,0.05425633117556572,0.40283557772636414
29650,4,45542400,4.583984851837158,0.4549790322780609,0.0,97.90374755859375,0.04048687219619751,0.3993028402328491
29700,4,45619200,4.678346633911133,0.46938467025756836,0.0,107.59203338623047,0.04430074617266655,0.38001441955566406
29750,4,45696000,4.784356594085693,0.4587763547897339,0.0,119.6243667602539,0.031266629695892334,0.392713725566864
29800,4,45772800,4.783722400665283,0.4770500063896179,0.014147520065307617,119.54853057861328,0.044693317264318466,0.4070737659931183
29850,4,45849600,4.72057580947876,0.4641270637512207,0.0,112.23285675048828,0.04178750142455101,0.39245325326919556
29900,4,45926400,5.089748859405518,0.4591721296310425,0.02743816375732422,162.34909057617188,0.041021693497896194,0.4137190878391266
29950,4,46003200,4.60058069229126,0.45067423582077026,0.0,99.54210662841797,0.0472261905670166,0.3877224922180176
30000,4,46080000,4.516695499420166,0.46157172322273254,0.0,91.53263092041016,0.044542063027620316,0.3856174647808075
30050,4,46156800,4.732869625091553,0.4903545379638672,0.014293015003204346,113.62114715576172,0.05477287247776985,0.40714651346206665
30100,4,46233600,4.800076007843018,0.4619651734828949,0.0,121.5196533203125,0.039634909480810165,0.3845444619655609
30150,4,46310400,4.663811206817627,0.45820945501327515,0.0,106.03945922851562,0.04280916973948479,0.39194053411483765
30200,4,46387200,4.724236965179443,0.4602014422416687,0.0,112.64452362060547,0.049583274871110916,0.3968357443809509
30250,4,46464000,4.802791595458984,0.4680085778236389,0.045314252376556396,121.85010528564453,0.043337032198905945,0.4226571321487427
30300,4,46540800,4.659489154815674,0.46072375774383545,0.0030378103256225586,105.5821304321289,0.029203975573182106,0.40151891112327576
30350,4,46617600,4.792825698852539,0.4604836106300354,0.00137251615524292,120.64178466796875,0.04445083811879158,0.40068626403808594
30400,4,46694400,4.878322124481201,0.4635888338088989,0.0,131.4099884033203,0.03327085077762604,0.39638128876686096
30450,4,46771200,4.597055435180664,0.452664852142334,0.0,99.19180297851562,0.024004975333809853,0.39380398392677307
30500,4,46848000,4.6243391036987305,0.4488375782966614,0.0,101.93537902832031,0.04081975296139717,0.38999834656715393
30550,4,46924800,4.745665073394775,0.4658682942390442,0.0,115.08432006835938,0.04853443428874016,0.3927077651023865
30600,4,47001600,4.65833044052124,0.4419451057910919,0.0,105.4598617553711,0.0316866897046566,0.3847735822200775
30650,4,47078400,4.661971569061279,0.4472101926803589,0.0,105.84455871582031,0.03130378946661949,0.39662203192710876
30700,4,47155200,4.652393817901611,0.4783957898616791,0.0017729401588439941,104.83564758300781,0.02671288512647152,0.4008864760398865
30750,4,47232000,4.646265506744385,0.45123767852783203,0.010680437088012695,104.19514465332031,0.027249151840806007,0.4053402245044708
30800,4,47308800,4.710197925567627,0.46307313442230225,0.036961257457733154,111.07414245605469,0.040139954537153244,0.41848063468933105
30850,4,47385600,4.836639881134033,0.45208489894866943,0.007428467273712158,126.04511260986328,0.03297712653875351,0.40371423959732056
30900,4,47462400,4.798799514770508,0.4643751382827759,0.004994690418243408,121.36463928222656,0.03622138872742653,0.4024973511695862
30950,4,47539200,4.567568302154541,0.46712982654571533,0.0,96.30962371826172,0.029133493080735207,0.3952506184577942
31000,4,47616000,4.7393574714660645,0.4527599513530731,0.0,114.36070251464844,0.039464570581912994,0.3975602686405182
31050,4,47692800,4.94075345993042,0.4675993323326111,0.00028890371322631836,139.8756103515625,0.05307614803314209,0.40014445781707764
31100,4,47769600,4.851902484893799,0.45313385128974915,0.01564079523086548,127.98365020751953,0.04973893240094185,0.4078204035758972
31150,4,47846400,4.959030628204346,0.4425068795681,0.0,142.4556427001953,0.06536192446947098,0.3991462290287018
31200,4,47923200,4.563486099243164,0.4583805799484253,0.0005340576171875,95.91726684570312,0.0535990446805954,0.4002670347690582
31250,4,48000000,4.7001953125,0.4473923146724701,0.0,109.96865844726562,0.03665582463145256,0.39469802379608154
31300,4,48076800,4.945137023925781,0.4488753080368042,0.0350605845451355,140.49009704589844,0.050688356161117554,0.4175302982330322
31350,4,48153600,4.697221279144287,0.45061782002449036,0.0,109.64208221435547,0.04984426870942116,0.39142265915870667
31400,4,48230400,4.769160747528076,0.44990792870521545,0.0,117.82032012939453,0.042869459837675095,0.39493247866630554
31450,4,48307200,4.705857753753662,0.4428016245365143,0.0,110.5931167602539,0.04340992495417595,0.3843025267124176
31500,4,48384000,4.820732593536377,0.4601588547229767,0.0,124.05593872070312,0.03143683448433876,0.3844485878944397
31550,4,48460800,4.683600902557373,0.43411725759506226,0.0,108.15884399414062,0.03668231889605522,0.3890489637851715
31600,4,48537600,4.678524971008301,0.4424091577529907,0.0,107.6112289428711,0.04420154169201851,0.3943035304546356
31650,4,48614400,4.64675760269165,0.44469645619392395,0.012167751789093018,104.2464370727539,0.04551425576210022,0.406083881855011
31700,4,48691200,4.7313313484191895,0.4508148729801178,0.009977579116821289,113.44649505615234,0.019844699651002884,0.4049887955188751
31750,4,48768000,4.822263240814209,0.4474153518676758,0.0036673545837402344,124.2459716796875,0.03535393998026848,0.4018336832523346
31800,4,48844800,4.689067363739014,0.4363954961299896,0.027220427989959717,108.751708984375,0.025325799360871315,0.41361021995544434
31850,4,48921600,4.748292922973633,0.43530791997909546,0.012956380844116211,115.38714599609375,0.03187527880072594,0.4064781963825226
31900,4,48998400,4.762329578399658,0.46652987599372864,0.021703779697418213,117.0182113647461,0.029698194935917854,0.4108518958091736
31950,4,49075200,4.981411457061768,0.4425080418586731,0.0,145.6798553466797,0.03856251761317253,0.39977502822875977
32000,4,49152000,4.826565265655518,0.437250554561615,0.01668524742126465,124.78163146972656,0.018625563010573387,0.4083426296710968
32050,4,49228800,4.640530109405518,0.43133780360221863,0.010806620121002197,103.59925079345703,0.03322386369109154,0.4054033160209656
32100,4,49305600,4.590541362762451,0.44485053420066833,0.0,98.54776763916016,0.018994664773344994,0.3879416286945343
32150,4,49382400,4.727061748504639,0.44510677456855774,0.0,112.96316528320312,0.03930055722594261,0.39750492572784424
32200,4,49459200,4.803503036499023,0.45238664746284485,0.0179407000541687,121.93682861328125,0.04156094789505005,0.40897035598754883
32250,4,49536000,4.843502521514893,0.4460449516773224,0.005573272705078125,126.9130859375,0.04296651482582092,0.40278664231300354
32300,4,49612800,4.590303897857666,0.443209171295166,0.0317348837852478,98.52436828613281,0.03165876865386963,0.4158674478530884
32350,4,49689600,4.798316478729248,0.4438798129558563,0.0,121.3060302734375,0.03969843313097954,0.3956856429576874
32400,4,49766400,4.5233988761901855,0.4166755974292755,0.0,92.14826965332031,0.04329034313559532,0.38612261414527893
32450,4,49843200,4.694576263427734,0.4370812773704529,0.009383022785186768,109.35246276855469,0.04740411415696144,0.40469151735305786
32500,4,49920000,4.755128383636475,0.4358063340187073,0.01319056749343872,116.17857360839844,0.03618149086833,0.40659528970718384
32550,4,49996800,4.713298797607422,0.4277063310146332,0.0,111.41911315917969,0.04019831866025925,0.3977901041507721
32600,4,50073600,4.575438022613525,0.456642210483551,0.0,97.07054901123047,0.036289796233177185,0.39713090658187866
32650,4,50150400,4.5961432456970215,0.4441879987716675,0.009180068969726562,99.10136413574219,0.03665858879685402,0.40459004044532776
32700,4,50227200,4.638918399810791,0.45074108242988586,0.0,103.43241119384766,0.02518153376877308,0.3843989968299866
32750,4,50304000,4.660964488983154,0.4431290328502655,0.02275484800338745,105.7380142211914,0.02654184401035309,0.4113774299621582
32800,4,50380800,4.692180633544922,0.44112029671669006,0.024768352508544922,109.09080505371094,0.043172985315322876,0.41238418221473694
32850,4,50457600,4.834319591522217,0.4608457088470459,0.04203307628631592,125.75299072265625,0.040594566613435745,0.42101654410362244
32900,4,50534400,4.605253219604492,0.42884740233421326,0.0,100.00830078125,0.03404448926448822,0.38823455572128296
32950,4,50611200,4.754915714263916,0.43271881341934204,0.0,116.15386962890625,0.02150123380124569,0.3970813453197479
33000,4,50688000,4.730462551116943,0.43345907330513,0.0,113.34798431396484,0.048508286476135254,0.3906984329223633
33050,4,50764800,4.963533878326416,0.4370321035385132,0.01777595281600952,143.0985870361328,0.04722258076071739,0.40888798236846924
33100,4,50841600,4.617340087890625,0.42610964179039,0.0,101.22442626953125,0.04604990407824516,0.3898989260196686
33150,4,50918400,4.39712381362915,0.42691999673843384,0.015872180461883545,81.21693420410156,0.050399791449308395,0.40793609619140625
33200,4,50995200,4.811380386352539,0.4344345033168793,0.014611363410949707,122.90115356445312,0.04316972568631172,0.40730568766593933
33250,4,51072000,4.748786449432373,0.43236565589904785,0.0,115.44409942626953,0.03368457406759262,0.3934653699398041
33300,4,51148800,4.682554721832275,0.4230705499649048,0.0,108.0457534790039,0.041927848011255264,0.38568606972694397
33350,4,51225600,4.557918071746826,0.42822301387786865,0.0,95.38468933105469,0.0476929247379303,0.3956875205039978
33400,4,51302400,4.74540901184082,0.4290434420108795,0.0,115.05485534667969,0.028119785711169243,0.3938443958759308
33450,4,51379200,4.733094692230225,0.42570972442626953,0.02334815263748169,113.646728515625,0.028818732127547264,0.4116740822792053
33500,4,51456000,4.67313814163208,0.43214255571365356,0.0,107.0331039428711,0.03184877708554268,0.3962923586368561
33550,4,51532800,4.864202499389648,0.431060791015625,0.015217781066894531,129.56756591796875,0.021156013011932373,0.40760889649391174
33600,4,51609600,4.760270595550537,0.4479760229587555,0.01092064380645752,116.77752685546875,0.038287896662950516,0.40546032786369324
33650,4,51686400,4.752926349639893,0.4487549662590027,0.0,115.92301940917969,0.02140142023563385,0.3937096893787384
33700,4,51763200,4.757375240325928,0.42576754093170166,0.0,116.43990325927734,0.024758152663707733,0.3933846056461334
33750,4,51840000,4.769109725952148,0.4259212911128998,0.0,117.8143081665039,0.02121165208518505,0.38973620533943176
33800,4,51916800,4.750247478485107,0.42787033319473267,0.03230714797973633,115.61289978027344,0.03321283310651779,0.41615357995033264
33850,4,51993600,4.657290935516357,0.43340981006622314,0.04427820444107056,105.35029602050781,0.03667175769805908,0.42213910818099976
33900,4,52070400,4.726126670837402,0.42719247937202454,0.0015349388122558594,112.85758209228516,0.03257334977388382,0.4007674753665924
33950,4,52147200,4.630233287811279,0.4351827800273895,0.020796537399291992,102.53797912597656,0.028908967971801758,0.4103982746601105
34000,4,52224000,4.854691982269287,0.4220418632030487,0.0,128.34115600585938,0.039010412991046906,0.3956936299800873
34050,4,52300800,4.853325366973877,0.42598429322242737,0.0,128.16587829589844,0.028721144422888756,0.3923757076263428
34100,4,52377600,4.88093376159668,0.4408911466598511,0.07652181386947632,131.75363159179688,0.041387688368558884,0.43826091289520264
34150,4,52454400,4.825897693634033,0.4304596781730652,0.008993566036224365,124.69835662841797,0.031577304005622864,0.40449678897857666
34200,4,52531200,4.756558895111084,0.424658864736557,0.0,116.34488677978516,0.04012853652238846,0.3882317543029785
34250,4,52608000,4.597558975219727,0.4268982708454132,0.014185726642608643,99.24176788330078,0.02898327074944973,0.4070928692817688
34300,4,52684800,4.879239082336426,0.4330797791481018,0.0,131.53053283691406,0.04293626919388771,0.392596572637558
34350,4,52761600,4.620769023895264,0.41861629486083984,0.0,101.57211303710938,0.03802262991666794,0.3962371051311493
34400,4,52838400,4.549734115600586,0.41903549432754517,0.039248645305633545,94.60724639892578,0.03888983651995659,0.41962432861328125
34450,4,52915200,4.724789142608643,0.43424558639526367,0.0,112.70673370361328,0.04475677013397217,0.39877849817276
34500,4,52992000,4.676818370819092,0.4116324782371521,0.0,107.427734375,0.03420861437916756,0.38527169823646545
34550,4,53068800,4.926794528961182,0.41706550121307373,0.007966220378875732,137.9366455078125,0.04021110758185387,0.40398311614990234
34600,4,53145600,4.991079807281494,0.42522454261779785,0.0012186765670776367,147.0951690673828,0.031220003962516785,0.4006093442440033
34650,4,53222400,4.850713729858398,0.42988044023513794,0.024013936519622803,127.83159637451172,0.03486579284071922,0.4120069742202759
34700,4,53299200,4.659754276275635,0.4133768677711487,0.0,105.6101303100586,0.041976045817136765,0.382639080286026
34750,4,53376000,4.79632043838501,0.4279616177082062,0.0,121.06413269042969,0.0384051613509655,0.3908427655696869
34800,4,53452800,4.719625473022461,0.42132148146629333,0.02739393711090088,112.12625122070312,0.04561002552509308,0.4136969745159149
34850,4,53529600,4.781527996063232,0.43286293745040894,0.015938758850097656,119.2864761352539,0.04702811315655708,0.4079693853855133
34900,4,53606400,4.812650203704834,0.4263787865638733,0.00910043716430664,123.05731201171875,0.026439109817147255,0.4045502245426178
34950,4,53683200,4.681976795196533,0.4160113036632538,0.0,107.98332214355469,0.0410957932472229,0.3910507559776306
35000,4,53760000,4.752904415130615,0.4361090064048767,0.014653444290161133,115.92047882080078,0.03202394023537636,0.40732672810554504
35050,4,53836800,4.447249889373779,0.43971744179725647,0.01877802610397339,85.39178466796875,0.052456438541412354,0.40938901901245117
35100,4,53913600,4.761753559112549,0.4333038032054901,0.0023061633110046387,116.9508285522461,0.03767276182770729,0.4011530876159668
35150,4,53990400,4.820887088775635,0.41167500615119934,0.0,124.07511138916016,0.032644882798194885,0.38974571228027344
35200,4,54067200,4.546311855316162,0.4261800944805145,0.0,94.2840347290039,0.037609025835990906,0.39933866262435913
35250,4,54144000,4.575942516326904,0.41908618807792664,0.0,97.1195297241211,0.038451388478279114,0.38183772563934326
35300,4,54220800,4.518586158752441,0.41440343856811523,0.0,91.70584869384766,0.03949977084994316,0.3863911032676697
35350,4,54297600,4.57163143157959,0.404684841632843,0.0,96.70174407958984,0.04949680343270302,0.3830501139163971
35400,4,54374400,4.7035298347473145,0.42448222637176514,0.05011928081512451,110.3359603881836,0.05050811544060707,0.42505964636802673
35450,4,54451200,4.652647495269775,0.41944244503974915,0.0,104.86224365234375,0.0306186955422163,0.38798174262046814
35500,4,54528000,4.551850318908691,0.4235563576221466,0.008067429065704346,94.80767059326172,0.04251996800303459,0.40403372049331665
35550,4,54604800,4.759862422943115,0.408532977104187,0.0,116.72986602783203,0.05289532616734505,0.3952644169330597
35600,4,54681600,4.84516716003418,0.42392659187316895,0.020202159881591797,127.12452697753906,0.05277746915817261,0.4101010859012604
35650,4,54758400,4.665164470672607,0.41575878858566284,0.0,106.18305206298828,0.03558143600821495,0.37972113490104675
35700,4,54835200,4.681644439697266,0.41974276304244995,0.0,107.94744110107422,0.04371828958392143,0.38585084676742554
35750,4,54912000,4.633730411529541,0.41903164982795715,0.0039021968841552734,102.8971939086914,0.03205733001232147,0.4019511044025421
35800,4,54988800,4.88633394241333,0.41498586535453796,0.0,132.46705627441406,0.04644966125488281,0.3905164301395416
35850,4,55065600,4.671619415283203,0.40257728099823,0.0,106.87066650390625,0.056831199675798416,0.3949936330318451
35900,4,55142400,4.809335708618164,0.4127563238143921,0.0,122.6501235961914,0.053065747022628784,0.3731080889701843
35950,4,55219200,4.897617340087891,0.4284703731536865,0.0,133.97019958496094,0.04776301607489586,0.3890964090824127
36000,4,55296000,4.723799228668213,0.41320109367370605,0.0,112.59522247314453,0.04994848370552063,0.3925897181034088
36050,4,55372800,4.804398059844971,0.4105702042579651,0.0,122.04600524902344,0.0359547920525074,0.3983146548271179
36100,4,55449600,4.585902690887451,0.41308361291885376,0.0,98.0916976928711,0.04407394304871559,0.3895757496356964
36150,4,55526400,4.778907775878906,0.4203391671180725,0.0,118.97433471679688,0.04953684285283089,0.3955167829990387
36200,4,55603200,4.784913539886475,0.4207867383956909,0.00022363662719726562,119.6910171508789,0.04145069792866707,0.4001118242740631
36250,4,55680000,4.605715751647949,0.39875638484954834,0.017235636711120605,100.0545654296875,0.0409838929772377,0.4086178243160248
36300,4,55756800,4.647793769836426,0.41410118341445923,0.01518869400024414,104.35449981689453,0.048598289489746094,0.40759435296058655
36350,4,55833600,4.631454944610596,0.4166048765182495,0.0,102.66332244873047,0.03421550616621971,0.393096387386322
36400,4,55910400,4.749516487121582,0.4167408049106598,0.0063231587409973145,115.52841186523438,0.0356571339070797,0.40316158533096313
36450,4,55987200,4.87545108795166,0.4126054346561432,0.0,131.0332489013672,0.028581976890563965,0.3895701766014099
36500,4,56064000,4.77180814743042,0.41342395544052124,0.0,118.13265228271484,0.02866065502166748,0.39758798480033875
36550,4,56140800,4.814387798309326,0.42070436477661133,0.0,123.27132415771484,0.03874990716576576,0.39333102107048035
36600,4,56217600,4.528889179229736,0.4036519527435303,0.013475418090820312,92.65557861328125,0.03525582700967789,0.40673771500587463
36650,4,56294400,4.573846340179443,0.41202545166015625,0.03508216142654419,96.9161605834961,0.025386551395058632,0.4175410866737366
36700,4,56371200,4.7961530685424805,0.40592244267463684,0.011402130126953125,121.04387664794922,0.030036278069019318,0.40570107102394104
36750,4,56448000,4.783238887786865,0.40437477827072144,0.015813112258911133,119.4907455444336,0.04294724762439728,0.40790656208992004
36800,4,56524800,4.804842472076416,0.40911349654197693,0.0014917254447937012,122.10025787353516,0.036040231585502625,0.40074586868286133
36850,4,56601600,4.65695333480835,0.41378962993621826,0.003071308135986328,105.31473541259766,0.04625141993165016,0.40153566002845764
36900,4,56678400,4.658549785614014,0.4049959182739258,0.0,105.48300170898438,0.04325391724705696,0.3902895748615265
36950,4,56755200,4.678089618682861,0.43732738494873047,0.0,107.56439208984375,0.0450919084250927,0.39552566409111023
37000,4,56832000,4.840827941894531,0.40127116441726685,0.008437633514404297,126.57410430908203,0.026971949264407158,0.4042188227176666
37050,4,56908800,4.5439043045043945,0.408641517162323,0.0,94.05731964111328,0.04090167209506035,0.38342297077178955
37100,4,56985600,4.817383289337158,0.4070584774017334,0.004623591899871826,123.6411361694336,0.03423331677913666,0.4023118019104004
37150,4,57062400,4.813750743865967,0.40637606382369995,0.02976202964782715,123.19281768798828,0.031046101823449135,0.41488102078437805
37200,4,57139200,4.918280124664307,0.40818721055984497,0.016502320766448975,136.76718139648438,0.03248818218708038,0.40825116634368896
37250,4,57216000,4.830606460571289,0.4205789566040039,0.0,125.28692626953125,0.036675672978162766,0.3906303942203522
37300,5,57292800,4.4947710037231445,0.4141555428504944,0.0,89.54766082763672,0.032322611659765244,0.3929857611656189
37350,5,57369600,4.768022537231445,0.4106491804122925,0.0,117.68628692626953,0.047639816999435425,0.3816966414451599
37400,5,57446400,4.570716381072998,0.4031793773174286,0.0,96.61329650878906,0.051732417196035385,0.39174118638038635
37450,5,57523200,4.7351250648498535,0.40703386068344116,0.006111323833465576,113.8777084350586,0.03741465136408806,0.40305566787719727
37500,5,57600000,4.736724376678467,0.40465566515922546,0.0,114.05998229980469,0.0499410443007946,0.3954831659793854
37550,5,57676800,4.659212589263916,0.4111081063747406,0.0,105.55293273925781,0.040914829820394516,0.39744237065315247
37600,5,57753600,4.990258693695068,0.4157599210739136,0.0,146.9744415283203,0.03924163058400154,0.39448457956314087
37650,5,57830400,4.831527233123779,0.4211631715297699,0.0,125.40233612060547,0.03801489993929863,0.3974088430404663
37700,5,57907200,4.574222087860107,0.405725359916687,0.0,96.95259094238281,0.03806813806295395,0.3976131081581116
37750,5,57984000,4.858522891998291,0.4112158715724945,0.033753156661987305,128.83377075195312,0.04184499755501747,0.41687658429145813
37800,5,58060800,4.600305557250977,0.4128873944282532,0.0,99.51471710205078,0.04286124184727669,0.3921710252761841
37850,5,58137600,4.744582176208496,0.39967483282089233,0.02006387710571289,114.95976257324219,0.03561921417713165,0.4100319445133209
37900,5,58214400,4.474601745605469,0.3927324712276459,0.023714900016784668,87.7596435546875,0.03197309374809265,0.4118574559688568
37950,5,58291200,4.494644641876221,0.40783149003982544,0.03027278184890747,89.53634643554688,0.03306244686245918,0.4151363968849182
38000,5,58368000,4.740083694458008,0.4103982448577881,0.0,114.44378662109375,0.03268440440297127,0.39406120777130127
38050,5,58444800,4.507803440093994,0.4032534062862396,0.03706854581832886,90.72232055664062,0.0300152450799942,0.4185342788696289
38100,5,58521600,4.748105525970459,0.40468162298202515,0.009210050106048584,115.36552429199219,0.019766760990023613,0.40460503101348877
38150,5,58598400,4.755544185638428,0.40722090005874634,0.0,116.22689056396484,0.043796107172966,0.3884650766849518
38200,5,58675200,4.550025939941406,0.41879117488861084,0.0,94.6348648071289,0.04348741099238396,0.384371280670166
